date,Y1,Y2,Y3,Y4,Y5,Y4a
2000-01-01,1.7387272,2.789953,-1.4167477,0.59179217,-0.4047961,-0.9337203
2000-01-02,1.8777897,3.940784,-2.8808925,0.7692218,-1.5987254,-1.9044788
2000-01-03,-1.083848,3.6829708,-0.3445662,1.4663783,-2.597612,-0.3220872
2000-01-04,-2.3744094,2.7333193,-5.175865,0.8010996,1.4890368,-1.3822527
2000-01-05,-0.12078178,3.5427601,-3.0355299,0.46915838,-1.9561327,-0.6682435
2000-01-06,1.2737802,1.3627838,-3.2167697,1.6986567,-2.7321265,-1.2689431
2000-01-07,0.84589744,1.8533362,0.2726379,1.5164616,-2.1129332,-0.07397672
2000-01-08,1.4404954,2.0480475,-3.107824,-0.20670852,-0.16844839,-0.88386106
2000-01-09,1.4407163,0.8138643,0.07582465,-0.18653202,-3.875956,-0.08170364
2000-01-10,1.0401798,1.9252427,2.0488968,0.29246208,-1.5295165,0.82956815
2000-01-11,-0.55114925,0.1975884,1.1259539,-0.052715544,0.8078986,0.7535597
2000-01-12,-0.6787035,0.45600906,-0.11517279,-0.14808726,1.0155854,-0.24458952
2000-01-13,0.63414836,0.9982431,-1.901522,2.0085742,-0.9435553,-0.10545731
2000-01-14,0.62909514,0.41336805,-2.117171,1.2408715,1.0195312,0.76309294
2000-01-15,1.3526809,0.27202335,1.6161671,0.5420128,-1.2561682,2.1362653
2000-01-16,0.49994808,-0.16116713,1.5768595,0.2769153,1.8316401,1.8174474
2000-01-17,0.6252985,-0.6288028,1.182188,-1.2268369,2.1119046,1.6777794
2000-01-18,0.8535756,-0.6302962,-1.5073566,-0.086620405,-0.86198056,1.7876719
2000-01-19,-0.124698006,-0.21198738,1.7288051,0.90422326,0.08547653,1.8300638
2000-01-20,-0.22618851,0.54041797,-0.28330258,0.7432729,1.3072032,1.8664416
2000-01-21,-1.504891,0.06821089,0.35166925,0.99935794,0.15671876,-0.5458864
2000-01-22,-1.255509,-0.3551638,2.0373025,0.77409476,1.32971,-1.8567811
2000-01-23,-1.5157382,-1.2760215,-0.9953576,-0.53851,0.79461825,-1.5494406
2000-01-24,-2.4424818,-1.8628755,-0.1446903,-1.9983509,-0.10874376,0.016834617
2000-01-25,-0.93389696,-1.9617279,1.4437765,-0.56326705,-1.88582,2.7690854
2000-01-26,-1.9634284,-1.1613605,0.6259228,-1.9641169,1.1548157,2.4420485
2000-01-27,-2.0641844,-1.4199154,0.4447296,-0.5952846,1.514168,0.68260854
2000-01-28,-2.6864727,-0.31028703,-0.7388102,-0.98264253,0.44946188,2.2201571
2000-01-29,-2.338123,0.27540496,-2.2507203,-0.24653372,-1.2803497,2.1649535
2000-01-30,-0.9410864,-1.2413552,-1.7284524,-0.38511604,0.5708003,0.7176702
2000-01-31,-1.083434,-0.009118181,-0.8451282,-0.27638125,-0.53156346,0.6185648
2000-02-01,-1.2470579,-0.025465062,-0.5954534,1.4613658,0.5913929,0.4870146
2000-02-02,-0.86169374,0.15811554,-2.0562549,1.6347705,1.3410268,2.413318
2000-02-03,-0.738872,1.6514026,-0.67055684,0.5585495,0.925833,-0.22202651
2000-02-04,-1.1270642,1.7354114,-0.5301351,-1.3224378,-0.20581433,0.19993238
2000-02-05,-3.3298597,1.7181853,-0.50070167,-1.744504,-0.8424185,2.1532128
2000-02-06,-1.9535346,1.3951509,-3.9687836,-1.7239656,-1.3531845,4.635557
2000-02-07,-0.13057181,2.7957308,-2.6329126,-0.7976264,-2.6427393,2.7491703
2000-02-08,-0.8486,2.7507598,-1.478528,-1.7127806,-0.55332875,0.63051075
2000-02-09,-1.49399,1.5454652,-1.2582916,-1.6277304,-1.6055034,1.0315515
2000-02-10,-1.1372012,-0.7279715,-2.1096923,-0.7727556,-1.7757962,-0.73291296
2000-02-11,-0.68925625,1.2672038,-1.1834661,0.1290432,0.2821875,0.6482925
2000-02-12,0.2675808,1.8606592,-1.6891215,-0.5533984,-2.3933575,0.9353889
2000-02-13,0.41540995,0.0018635476,-2.4512255,0.25178692,-1.2228204,3.1791394
2000-02-14,-0.16919851,-2.7449486,0.0062913694,1.933386,-0.22617902,2.9449852
2000-02-15,-1.7872813,-2.125739,2.1491015,1.0389277,1.9692,2.982662
2000-02-16,-0.33992296,-0.7794602,-0.2758762,1.532941,4.384583,3.2401514
2000-02-17,-0.75626445,-1.9057457,1.9814186,1.1685836,1.8646853,2.1490998
2000-02-18,-2.2351065,-1.9921175,0.5498862,2.0994072,2.1800847,2.5832405
2000-02-19,-2.2418246,-1.5853331,-1.5923163,2.3755894,1.4275734,1.6404725
2000-02-20,-2.810002,-1.1046315,-0.12129247,1.8506871,1.9373313,-0.2553585
2000-02-21,-2.041382,-1.2523891,-0.99255973,0.92897236,-0.22425255,0.74299866
2000-02-22,-1.9884858,-0.11862704,-0.28743008,-0.8296324,-0.23570652,0.24678262
2000-02-23,-1.5119523,-0.85638076,-1.9463338,-0.27821636,-0.19109552,-0.41323194
2000-02-24,-1.6979352,-1.8861349,-2.6145594,0.21305093,-1.9002703,0.89657146
2000-02-25,-1.3914071,-0.31400734,0.8906726,1.5991424,0.7162697,2.1357293
2000-02-26,-0.796599,-1.4215837,0.6624317,2.2229528,2.6335256,2.1143308
2000-02-27,-0.52247536,-1.0824683,0.2564353,1.5072044,2.5864377,-0.5437719
2000-02-28,-1.5396869,-0.31568044,-0.13892321,2.4286652,-0.32257146,-0.24391153
2000-02-29,-0.36697078,-2.0821755,-0.32382685,1.5478815,3.996026,-0.07481099
2000-03-01,-0.46846098,-2.1785727,1.9555904,1.5467751,2.642403,-0.30939865
2000-03-02,-1.2419783,-1.8066007,2.0109096,1.2550864,1.9561555,-0.94852716
2000-03-03,-0.65551144,-0.4557882,0.9271906,1.6385792,0.83640397,-0.033102006
2000-03-04,-3.10864,-1.4064058,-0.03151959,0.56653273,2.670351,0.39281058
2000-03-05,-2.8122156,-1.1205326,-0.07474628,1.7759349,1.2378237,-0.6030481
2000-03-06,-2.8080564,-0.29676294,-1.5060661,0.17336991,0.41934043,0.3604975
2000-03-07,-1.7158167,-1.8445182,-0.7560882,-0.39442104,0.6348481,-1.4412477
2000-03-08,-2.4086838,-1.2843395,1.0753466,-0.9318025,-1.2436755,-1.4255176
2000-03-09,-2.6239605,-0.6757259,0.82831836,0.067297354,-0.69274396,-0.8484702
2000-03-10,-3.7998075,-0.5844173,-0.75736433,-0.82582426,1.7516247,-1.0373348
2000-03-11,-2.7112837,-0.49286833,-0.58029586,-0.8871894,-1.2204173,-1.4111696
2000-03-12,-0.5575335,0.6278875,-0.5127249,-1.5981779,-0.78495276,-0.92910606
2000-03-13,-1.2619861,-0.7890158,-1.7974437,0.49959263,-2.978435,-0.7618373
2000-03-14,-1.9980913,-0.15375313,0.44022843,1.6701448,-0.86800545,1.8300471
2000-03-15,-1.8661581,0.1539203,-1.435175,2.3124304,0.4896231,2.164293
2000-03-16,-1.6105075,0.70113623,0.791119,1.2833374,4.2633066,1.1669221
2000-03-17,-1.3569849,-1.0350018,-1.5257835,-1.1051604,1.8682048,0.9139814
2000-03-18,-0.64871275,0.2723928,0.644895,1.8585806,-1.0811281,0.5498075
2000-03-19,-0.91412574,-0.26687294,-1.2343587,0.8110411,0.54491484,0.2588552
2000-03-20,-0.4397282,-0.01862533,0.102291815,0.5755916,1.082342,0.13685486
2000-03-21,0.17554969,0.117347166,1.5245516,1.1911639,0.7954561,-0.45314893
2000-03-22,-0.6303418,-1.0454627,1.3027015,-0.3210246,0.46313018,-0.28823075
2000-03-23,0.25326514,-0.8159768,-0.55086803,-1.5631042,1.2086464,0.74252003
2000-03-24,-0.22392927,0.29236826,0.41811708,-0.7509728,-0.05797764,0.17308266
2000-03-25,1.4866673,0.79386437,0.58444285,0.6160293,0.09258057,-0.8473135
2000-03-26,1.2148622,0.14704879,-1.1581148,1.3671404,1.2920291,-2.5309622
2000-03-27,0.9889215,0.4761617,-0.0013108153,0.85617405,0.3803844,0.268793
2000-03-28,1.0167835,0.24095266,-1.318708,1.4894514,0.43246,0.64270496
2000-03-29,0.27029967,-0.013715559,-0.107550696,1.4974741,-0.0812566,0.74522024
2000-03-30,-0.8917815,1.2290168,-0.18804163,-0.85759425,0.72004324,-0.032862145
2000-03-31,-0.007729399,-0.9553232,-0.6570664,0.49367747,-1.6780626,1.4218653
2000-04-01,-0.7593982,-1.9090194,-0.2662222,0.9234556,1.3014705,0.5664555
2000-04-02,0.49043295,-2.0277314,1.7793117,2.3487136,0.98373646,1.4884543
2000-04-03,-0.5217914,-1.6382773,3.1596823,0.9838747,3.4202142,-0.98743296
2000-04-04,0.24010316,0.023922347,0.70617574,0.7864528,2.9933228,-1.3736377
2000-04-05,-0.989681,-1.3469144,1.696091,0.83965915,-0.9161583,-1.2128584
2000-04-06,0.9052943,-1.1278452,0.18130562,-0.5775781,0.8944473,-0.9469842
2000-04-07,2.4259982,-1.426642,0.7436932,-0.49958777,1.214874,-1.0051728
2000-04-08,2.8396869,-0.6004398,4.1455092,-0.37399355,-1.1763988,0.98282295
2000-04-09,1.2043037,-1.8576349,1.6061996,-0.3432469,3.489907,1.2054243
2000-04-10,1.2549665,-0.5548654,2.1016247,-1.7458735,1.7190034,-0.5198731
2000-04-11,1.0408055,1.4723008,1.451435,-1.4909085,0.11784774,-1.3306243
2000-04-12,0.94062257,-0.8907332,-1.6858422,0.10977071,-0.70146495,-0.74078304
2000-04-13,0.6758627,-0.7030329,1.8893768,-1.6461645,-0.9290336,-2.0633254
2000-04-14,1.5602683,-0.8938897,2.0600884,-0.10535471,-0.44742915,-1.6031166
2000-04-15,-0.5013957,-0.314957,3.8106418,0.8155947,-1.0735496,-1.2968054
2000-04-16,0.83098215,1.5584904,0.38921687,-1.4501706,1.2968864,-0.641536
2000-04-17,0.5073947,0.398547,-0.14656238,-2.1771472,-1.4628901,-0.10064728
2000-04-18,-0.08031663,-0.40859598,-0.04664392,-2.170729,-2.4057736,-1.0194134
2000-04-19,-0.23569189,-0.18874134,1.2586474,-2.3723013,-0.46443883,-0.5571919
2000-04-20,-0.4405139,-1.3033298,-0.6606239,-2.7997937,-0.5215956,-1.2858154
2000-04-21,-0.44198442,0.19970801,0.3916565,-0.9457776,-2.5656822,-0.1951913
2000-04-22,-0.59487325,0.8362138,-0.5432279,-1.7351037,-1.060135,-0.86083126
2000-04-23,-0.2555752,0.04130404,-1.0520133,-0.76681256,-2.2144177,-2.2609913
2000-04-24,-0.10741224,-1.0725206,0.35709092,-0.34392145,-2.94341,-0.84286475
2000-04-25,0.36655834,-1.6268404,1.619988,-0.64272463,-0.07666927,0.7680182
2000-04-26,-1.024733,-1.28965,0.12323863,-0.65327924,1.2011517,1.9291759
2000-04-27,-1.2795224,-2.4793139,0.033420768,0.7384996,1.2872735,2.052061
2000-04-28,0.44309968,-2.115381,-0.7795389,-0.29220918,0.10186942,0.23563424
2000-04-29,0.7803169,-1.9645705,0.8388838,-0.7622331,-1.9385263,1.2586079
2000-04-30,1.6224649,-1.8641398,2.8247354,-0.40457484,0.49844941,2.7448559
2000-05-01,0.11701734,-1.7944682,6.0498137,-0.12571429,2.7943363,-0.054519057
2000-05-02,0.6970867,-2.0306642,-0.11926435,0.82967985,3.6999137,0.266234
2000-05-03,1.0266248,-1.3694427,2.5768304,0.4987608,2.231781,0.50939703
2000-05-04,0.11159234,-0.7653012,0.5307086,-0.30051312,1.5442566,1.9925246
2000-05-05,-0.2468575,-0.4374586,0.5097017,-2.106332,0.118237235,2.5906348
2000-05-06,-0.5040367,-2.034805,-0.10864603,-0.15488936,2.1352773,2.6460228
2000-05-07,1.0421886,-1.6804953,1.4759195,1.3806834,1.359979,3.6040986
2000-05-08,-0.05196773,-2.0774243,0.14578886,0.96740794,2.2324677,1.8836417
2000-05-09,-1.2609267,-1.7142242,1.3179183,1.0023685,1.1746933,0.9709553
2000-05-10,0.05881226,-0.93150765,0.5809452,-0.035932075,0.91523093,0.532583
2000-05-11,0.16908006,-2.3454628,0.67577195,0.68428946,1.084321,-2.0544953
2000-05-12,2.8362243,-2.240274,1.6809133,-0.35468018,3.0229082,-1.0447483
2000-05-13,3.4119694,-1.8574252,3.3833566,0.27228165,-0.4029043,-1.5988863
2000-05-14,2.5167754,-1.1648213,1.8759859,2.5483463,2.3676097,-2.4128954
2000-05-15,1.6960157,0.39949247,1.4045014,1.9630109,1.8386495,-2.513663
2000-05-16,1.4064434,0.6070126,1.036932,1.2772312,0.4153824,-1.7408502
2000-05-17,1.2414697,1.3056921,-0.49066436,-0.13810542,-0.8798967,-0.59017754
2000-05-18,2.1272247,-0.25030518,-0.5269966,-0.9735203,-1.5177393,0.56005013
2000-05-19,2.8251228,1.1529624,2.041903,0.2661695,-1.468048,0.2786958
2000-05-20,2.7445605,0.84241086,0.5943741,-0.18353468,1.0190895,-0.9590968
2000-05-21,4.8877926,1.1182923,0.9020777,-0.093106076,0.16995883,-0.04353546
2000-05-22,4.896215,1.1340071,1.7008665,-0.27067527,-0.030888077,2.1718335
2000-05-23,3.545184,0.512526,1.5326453,-0.9921753,-1.949119,1.554329
2000-05-24,2.6064234,-0.011834476,0.14015111,0.325155,-2.0277703,0.60191137
2000-05-25,0.59883964,-1.5782405,1.6852857,0.33120394,-0.68562776,-0.50582826
2000-05-26,-0.82797396,-1.9339762,1.2422025,-0.39128184,-0.1780036,0.110116005
2000-05-27,0.19595364,-1.189348,1.3568721,0.9139797,0.6405727,0.15902591
2000-05-28,0.434154,-0.9823729,0.06452244,-0.42077464,2.480529,0.7082247
2000-05-29,-1.1839267,0.22666286,1.4994557,1.4143436,0.44611174,3.5117097
2000-05-30,-0.07396127,1.1893291,0.4486989,0.89180857,3.068799,2.246094
2000-05-31,-1.0396317,1.9320272,-1.2844036,-0.568488,2.0391476,2.7071574
2000-06-01,0.5819538,0.6995798,-2.909953,-0.072514586,-1.2254287,3.778586
2000-06-02,0.85600394,1.5846715,1.3314669,-1.3435786,-0.7245969,2.8142736
2000-06-03,0.6837666,0.66507214,-1.3222698,-0.87677246,0.37326708,1.0391047
2000-06-04,-0.4476024,2.0836475,-0.35118523,0.7936215,0.25844422,0.75649107
2000-06-05,1.992736,1.3814603,-3.0702672,1.2513937,0.9451335,1.3209913
2000-06-06,1.5811143,-0.48104438,0.5539565,2.723844,-0.9393173,2.126206
2000-06-07,0.81629705,0.049627643,0.1175223,1.7405024,2.5780468,2.3733633
2000-06-08,0.77441555,-0.7444008,2.2880225,-0.10711827,1.9040614,1.8005289
2000-06-09,0.39713246,-0.20759745,0.9283799,-2.6419282,1.9263812,0.13304731
2000-06-10,0.8134725,1.2823879,2.11664,-2.2828135,-1.6127312,-0.4457923
2000-06-11,0.9102828,1.772885,-1.3818251,0.5370078,-1.4235964,-2.0718527
2000-06-12,1.6299274,0.8606023,-1.2176155,1.3591267,0.16502404,-3.3348882
2000-06-13,0.9733866,1.273933,1.3413389,-0.2680451,-0.53200763,-1.8502486
2000-06-14,1.7718158,-0.10308239,1.4547111,1.01997,-0.7135432,-1.748106
2000-06-15,0.6354295,-0.3414785,2.41702,2.3060532,1.0288538,-2.3774843
2000-06-16,0.84777546,-1.1121944,-0.14038576,1.553754,3.9609818,-1.7550431
2000-06-17,0.35782024,-1.7757982,3.167723,-0.7114486,1.142307,0.4327421
2000-06-18,0.031214118,-1.0900731,1.3259537,-0.66602695,1.9938151,1.3409841
2000-06-19,0.46044695,-0.28301775,0.43307006,0.64199513,2.147422,0.20746428
2000-06-20,-0.4962012,-0.57643265,2.035491,-0.090536766,1.4025269,0.23026845
2000-06-21,0.41490898,-1.366453,-1.5813278,0.41670308,0.8191763,-0.6619355
2000-06-22,0.51345766,-1.0313377,1.238824,0.049535103,0.09454651,-0.900186
2000-06-23,2.676992,-2.1665533,-0.071498215,-0.3381981,0.091378525,-1.8047796
2000-06-24,2.6977675,-0.68671364,4.6086335,-1.4538757,-0.97413033,-0.37531427
2000-06-25,2.1554258,0.49542212,2.242072,-0.95115376,1.4787971,-1.7174326
2000-06-26,0.6658769,0.029601758,0.6814664,-0.16192006,-0.60872287,-2.9690845
2000-06-27,1.5434914,-0.38729805,1.1757534,-0.59337217,-1.8909812,-1.8631566
2000-06-28,1.0466818,0.5072856,0.60060614,-0.15757027,-0.41234148,-1.720902
2000-06-29,0.027860451,0.47319067,1.5292524,0.65531325,1.0616888,-0.9376948
2000-06-30,-0.93351424,-0.15118027,-1.4237972,1.0728354,0.89260983,-0.35288924
2000-07-01,-0.34485468,-0.62303203,-0.7983834,2.1837082,-0.20164949,-0.031758178
2000-07-02,-1.2798557,0.15659606,1.1524048,2.1475365,1.1978279,-1.8534105
2000-07-03,-2.2860694,0.6796803,-1.6356498,2.8836153,-0.20257317,-1.1225553
2000-07-04,-4.8170376,2.0086503,-1.7173378,1.7866706,0.007951307,0.67036617
2000-07-05,-4.4400167,2.963293,-5.6829877,1.3934447,0.6176698,0.54427314
2000-07-06,-4.331915,2.3411357,-4.549632,-2.088665,-2.6633675,0.6572765
2000-07-07,-5.3307204,0.87876797,-4.7685857,-1.7087162,-2.3194501,-0.18077958
2000-07-08,-4.8262925,-0.26056233,-3.8019848,-1.5660129,-2.0691874,0.6944051
2000-07-09,-3.6898537,0.10076954,-1.9801913,-1.9873819,-0.6736818,-0.021252882
2000-07-10,-3.7857718,2.2366555,-2.6286674,-2.7816856,-2.0388238,0.2622217
2000-07-11,-2.5433352,1.8602513,-4.738545,-3.510058,-2.4078035,0.85079694
2000-07-12,-0.2663874,2.0618029,-3.166788,-2.1786609,-3.751283,2.0271828
2000-07-13,0.7273148,1.3653151,-1.108584,-4.0584707,-2.4716609,2.842725
2000-07-14,0.5951789,2.225627,-0.6433865,-2.8562264,-3.3571084,1.560898
2000-07-15,0.20661542,4.4502535,-1.008656,-3.19826,-2.2014391,1.2100822
2000-07-16,-0.9071774,2.8012073,-3.8351235,-2.3770437,-3.8697524,1.6470562
2000-07-17,-0.15129815,1.2224298,-2.0024767,-1.3373152,-3.2313268,-0.91594
2000-07-18,-1.1717193,0.692557,-0.40587142,0.73753244,-1.5755982,-0.6446337
2000-07-19,-1.2798767,1.1081868,-0.853917,1.2499566,-0.5994404,-0.6784837
2000-07-20,-0.6824544,1.5139664,-1.685989,-0.46766883,1.0188779,0.68679094
2000-07-21,1.0256082,0.746079,-1.1446686,-0.0022200434,0.65736496,-0.18920892
2000-07-22,0.9973116,2.097868,0.50978136,0.32683983,0.22738723,-0.4956658
2000-07-23,0.0947266,2.0966158,-1.119805,1.767999,-1.2324466,0.8130944
2000-07-24,-0.38621265,0.909851,-1.0442762,2.2426062,-0.12828368,1.579056
2000-07-25,-0.60578114,0.03596494,-0.8599445,1.5934341,2.0426497,0.28155082
2000-07-26,-0.45048827,-2.1521595,1.2991527,1.2065688,0.90282005,1.4846553
2000-07-27,-1.5759631,-2.4732594,1.7823473,0.86439,3.7810028,2.5521064
2000-07-28,-2.612634,-2.5728452,1.3654083,0.5991833,2.415598,2.2709177
2000-07-29,-1.8087043,-1.8565682,-0.1615827,1.0040859,1.5090456,3.405757
2000-07-30,-1.7832003,-2.8105838,1.8162323,2.2596252,4.2164507,0.37377262
2000-07-31,-0.4306832,-2.7374518,0.6777463,2.3342738,2.9308789,0.1551954
2000-08-01,0.45621604,-2.7427456,1.1444191,1.1065729,2.6926823,1.5564816
2000-08-02,-0.33199692,-2.617022,0.54932463,-0.13248034,1.7076987,0.65792567
2000-08-03,-1.9366711,1.1607125,2.4975498,1.0456496,-0.026781896,0.12834425
2000-08-04,-1.7397814,-0.19928947,-3.2784753,3.415721,2.7662923,-0.20522064
2000-08-05,-1.718153,-0.83840007,-0.9146059,1.9028218,0.28167304,0.760627
2000-08-06,-1.2353535,-1.1401712,-0.9448388,1.5366931,-0.12160674,1.1363322
2000-08-07,0.20418707,-0.12123105,-1.0237527,-1.2388512,2.2748592,1.5182728
2000-08-08,-0.74836296,1.2175642,0.8700204,-1.655511,0.30331737,2.6464972
2000-08-09,0.6178149,-0.3237197,-1.1417991,-1.146232,0.012255466,2.9188151
2000-08-10,0.5618786,0.3899876,0.9699808,-1.1103331,0.50204957,3.331701
2000-08-11,1.5727681,-0.90671444,0.043945953,-1.013063,-0.023316037,3.2330587
2000-08-12,0.26809627,-0.78536534,1.1888977,-0.51179403,0.83826566,3.8007882
2000-08-13,0.052011456,-1.4591596,1.5746784,1.4765955,3.3004534,2.0758662
2000-08-14,0.7560818,-0.8313123,1.5590879,2.2278318,0.9913135,1.9075184
2000-08-15,1.3409467,1.4971259,2.8867276,1.2200944,2.4841049,-0.51418936
2000-08-16,0.018165326,2.1162946,-1.1661123,0.44278944,0.5011403,-0.09511267
2000-08-17,1.1257583,1.9559925,-2.7149456,2.7206063,-3.407225,-0.73133653
2000-08-18,2.4879975,1.1147835,-1.4096744,1.2093993,-0.7510434,-0.90245086
2000-08-19,1.2180184,1.5086458,1.7277926,1.804658,-0.104677305,-0.6999961
2000-08-20,-0.13393125,1.6206216,-1.7254535,0.43610653,1.6160609,-0.4873913
2000-08-21,1.0118941,1.1438296,-2.8091948,-1.5049437,-0.667791,-0.09672485
2000-08-22,3.6046896,0.48640603,0.25892746,0.22700346,-2.7954772,-0.17519444
2000-08-23,3.4231124,-0.40193927,-0.36106536,0.7433136,-0.093296036,-1.4667739
2000-08-24,2.0893955,1.436002,3.7488093,2.5378537,-0.6561597,-1.2060685
2000-08-25,-0.014475226,1.2874662,-0.24695836,2.4048526,2.1609254,-1.2398008
2000-08-26,0.63300717,1.046437,0.50768787,1.024721,0.2595988,-0.056751143
2000-08-27,0.580592,-0.5752365,-1.2644347,0.9795099,-0.5073047,-0.08461535
2000-08-28,0.42307618,-0.29361624,-0.11030639,0.32869726,0.56112754,0.77831674
2000-08-29,-0.5949968,0.52633905,2.0615854,0.17500041,0.21478166,-0.9991975
2000-08-30,0.058396757,-0.87818706,0.90995145,0.9188892,2.164666,0.14443824
2000-08-31,0.5948601,-0.16633059,-0.16624309,0.30254248,1.703885,0.79042584
2000-09-01,2.2693472,-1.7267205,1.0837843,0.19219527,0.6738686,-0.030560762
2000-09-02,2.793857,0.25598416,4.321547,-0.057297856,1.4610798,1.282359
2000-09-03,1.5866987,2.2850552,2.3799334,0.92824316,2.9241905,0.51868176
2000-09-04,2.758878,1.3836455,1.1445614,-0.34815064,0.7502921,-1.3507353
2000-09-05,-0.34370723,2.0331857,2.0490804,0.74014944,0.4431608,-0.78805935
2000-09-06,-1.6296986,0.6570354,-2.9686065,-1.029019,0.46846506,-1.4296327
2000-09-07,-1.6916374,2.7774167,-1.7080913,1.1008288,-2.7881489,-0.99679685
2000-09-08,0.27942902,1.2026197,-4.136357,0.11506732,0.30479088,-2.2349217
2000-09-09,0.2934563,1.5418686,-0.24899304,-0.841226,-4.8166275,-2.4440744
2000-09-10,-1.7302543,0.5906108,0.21245474,-1.5987805,-1.1611714,-1.2383435
2000-09-11,-0.5333425,0.5813747,-1.4175253,-2.1252623,-0.36284673,-2.089144
2000-09-12,-0.019988572,0.18999656,-0.80011874,-2.7625654,-0.2661432,-1.7881542
2000-09-13,-0.43759745,0.31382042,-1.6235117,-3.6793299,-1.9820539,-2.1957517
2000-09-14,0.20752087,-0.18121669,0.37896323,-2.513258,-5.121406,-1.4116471
2000-09-15,0.5009594,0.4104129,1.4411135,-2.5304623,-0.6963741,-1.7417935
2000-09-16,0.78684324,-0.51815385,1.1870133,-1.8602135,-1.4224895,-2.6009743
2000-09-17,0.6343292,0.1316169,1.9024682,-1.9772507,-2.3777874,-1.3425045
2000-09-18,0.6859844,-0.58583796,-0.9400071,-1.2738552,-1.227097,-1.0374441
2000-09-19,0.29308593,-0.59312254,0.6804286,-1.6650374,-1.9602664,-0.10170071
2000-09-20,0.008055705,-0.64552385,1.9791231,-2.779492,0.5982641,-0.18003732
2000-09-21,-1.7486078,-1.3072095,0.68352365,-1.3576566,-0.15430644,0.24774095
2000-09-22,-4.1436663,0.07142313,-0.5612344,-0.26015535,-0.5942326,0.90733796
2000-09-23,-4.1830387,0.29652295,-3.2000537,-1.444951,-0.34453493,-0.36798492
2000-09-24,-4.0861816,-0.9700305,-3.8624368,-1.1118083,-4.036223,-0.7915859
2000-09-25,-3.4589722,-0.84133774,-2.8857567,0.1291096,-2.414605,-0.40715384
2000-09-26,-3.1107593,-1.7784083,-2.9171064,0.11011265,-1.6333578,-0.23673455
2000-09-27,-4.1560106,-1.671008,0.48281232,-0.6012388,-1.5351915,-0.19403322
2000-09-28,-1.7226949,-1.7149816,-0.21528667,-1.2518497,-0.057121497,-0.316963
2000-09-29,-0.06725116,-1.5370519,0.8057976,-0.69879353,-1.2158625,-1.28189
2000-09-30,0.88593614,0.44482815,1.4854152,-0.4560204,1.0394689,-4.0433564
2000-10-01,0.14919576,1.2685406,1.5728189,0.6296022,-0.5332122,-3.8822901
2000-10-02,-0.6616316,2.709714,-3.5411758,0.6718683,-1.0917307,-2.4211817
2000-10-03,0.26456738,1.591639,-1.867147,0.6075537,-2.084301,-2.731117
2000-10-04,-1.5052961,0.3962327,-2.2261238,-1.2154436,-1.3808792,-3.274352
2000-10-05,-1.0816857,1.911362,-0.714068,-1.271077,-2.5659568,-1.1854182
2000-10-06,-2.2337472,2.2831016,-0.5219791,0.89386195,-1.5284557,1.1030549
2000-10-07,-0.96641815,3.1432106,-4.464454,0.61296684,1.1926105,0.4403192
2000-10-08,1.0026406,3.421253,-2.912086,1.0838041,-1.0026256,0.02245464
2000-10-09,0.58882964,2.6338198,-1.9819416,-0.6791105,-2.462863,0.64224863
2000-10-10,0.3900536,1.6918571,-3.50612,-0.26570335,-1.978483,0.67415667
2000-10-11,1.9381949,1.6317667,-0.8911706,0.012502678,-1.5736794,2.9059927
2000-10-12,1.932759,0.99731696,0.14969954,0.7658165,0.4544117,1.7811856
2000-10-13,1.9491923,-0.17182383,1.3968184,0.70610493,1.3933039,0.24852832
2000-10-14,1.079734,-1.2442932,2.517024,0.5782847,0.8529774,-0.3344457
2000-10-15,-0.39130127,0.6173415,1.9202493,-0.72129875,0.5114338,0.37658674
2000-10-16,-0.052206922,1.18459,-0.48052317,-0.7232648,-0.036744926,0.27039444
2000-10-17,0.17454074,0.4005018,-1.725006,-1.7644494,-2.258283,0.5534172
2000-10-18,0.27655002,0.28669423,-0.67604905,-0.13173999,-1.7314037,0.33548167
2000-10-19,1.2368511,0.35999677,0.071985066,-0.24976635,0.48855996,0.8640802
2000-10-20,0.44882217,1.914117,1.0366973,-0.76486564,-0.02445665,1.1457292
2000-10-21,1.7565001,1.5426986,-0.46278533,-0.046683125,-0.001131022,-0.26769912
2000-10-22,1.4326899,0.48570538,-0.3285782,-0.4515225,1.9110713,-1.0754808
2000-10-23,0.9131333,1.6536859,0.76597553,-1.0725043,0.23188132,0.18701442
2000-10-24,1.1652772,0.1029826,0.14358936,0.5002597,-1.4508607,1.8851048
2000-10-25,0.91000354,1.2280657,1.1785399,-0.33900094,-0.0035740435,1.0655432
2000-10-26,-0.71995,0.1630558,-0.4131164,-2.5184262,-0.37407452,1.3924422
2000-10-27,0.13532409,1.0758735,-1.8238583,-0.86707634,-1.0295769,1.4222765
2000-10-28,-1.4052819,3.1556792,-1.584223,0.15692893,0.29635087,1.4536014
2000-10-29,0.5655668,0.43080914,-3.0352693,1.3810273,-1.851387,1.004647
2000-10-30,-0.94535786,0.026592407,0.82085294,2.4855957,-0.7557059,0.8562567
2000-10-31,-0.73499835,1.2532016,-0.6544015,2.2729585,2.8429024,2.3241
2000-11-01,0.9090907,1.1298999,-1.4899433,1.9704474,0.19682865,0.69788307
2000-11-02,0.6296632,0.51472,-0.4479155,1.8200514,-0.020188972,1.4249173
2000-11-03,-0.6798484,-0.5852854,0.074920595,1.22724,2.8048754,0.24180283
2000-11-04,-2.0272045,0.18419282,1.4094149,-0.82495177,1.2209074,-2.1974638
2000-11-05,-1.7895888,-0.024495697,-1.6892052,-0.7262073,-0.39001256,-0.5930591
2000-11-06,-2.1168473,-0.062145833,-1.5363919,-0.21491814,-3.4593596,0.12485595
2000-11-07,-1.4813364,0.57594776,-0.050278526,1.3001823,0.121713206,0.72243124
2000-11-08,-2.3136816,1.1965578,-0.47275317,0.29122216,0.99079865,-0.041487068
2000-11-09,-2.628259,1.9912785,-1.4682726,0.5970877,0.002938835,-0.60897636
2000-11-10,-3.9204836,0.5576931,-4.2642117,-0.8239569,-1.4346207,-0.8388472
2000-11-11,-5.5008783,0.8749686,-2.8226194,-0.5559948,-4.020808,0.6270469
2000-11-12,-1.3169961,0.41663402,-5.91898,-0.17908579,-2.4262438,0.3337597
2000-11-13,0.04879091,-0.04092923,-1.2187927,-0.7521918,-2.632912,0.106125966
2000-11-14,-0.583318,-0.31326506,-0.99377644,-0.8236786,-1.8305309,-0.285951
2000-11-15,-0.7178414,-1.4707617,-1.6097741,0.009598607,0.626489,-1.0939206
2000-11-16,-0.28363773,-2.6015038,0.8525123,-0.48913804,0.006602186,-0.9300693
2000-11-17,-1.9772003,-3.0174823,3.1018102,-0.43827835,-0.0003936231,-0.6340388
2000-11-18,0.08500762,-1.412848,1.9702508,-1.4867603,1.4372402,-1.4917437
2000-11-19,0.5950936,-2.0486436,0.18299551,-1.0122426,-0.09990186,-2.5990531
2000-11-20,1.2650046,-1.3016137,1.7075205,-1.827948,-0.13322017,-2.040864
2000-11-21,1.4613584,-1.1018895,1.6384184,-0.1990249,0.24840459,-1.6854863
2000-11-22,1.2410871,-1.0113924,2.516685,-0.03311697,-0.47849265,-0.024420118
2000-11-23,1.9031184,-0.50277567,2.1791546,0.9726646,1.0875719,0.2697035
2000-11-24,3.148059,0.19740453,3.6352923,1.1407238,0.15093845,1.2996609
2000-11-25,3.632929,1.0051382,2.7665336,2.2677495,0.76559216,1.2197249
2000-11-26,2.369379,0.7475133,1.8174919,1.2289642,-0.009217751,1.4304502
2000-11-27,0.783161,-0.22531368,0.7442138,2.3378923,-0.43398243,2.0195875
2000-11-28,-1.0296217,-1.6636903,0.47532383,0.09326414,2.4227614,0.9171844
2000-11-29,-1.0656959,-0.7800941,1.0198066,1.2714355,1.6758232,0.42161494
2000-11-30,-1.7772696,-1.3664017,0.56369764,0.0045402767,1.1678462,1.4929646
2000-12-01,-1.5609363,0.2896913,-0.5394816,0.09947136,-0.20278898,-0.20235723
2000-12-02,-0.48494667,0.3075334,-0.12265566,0.93998414,0.34733936,0.48435184
2000-12-03,0.76315606,0.11873728,1.4792905,1.1954609,-0.89136994,1.0596997
2000-12-04,2.9089475,0.53888434,0.11656293,-0.2827639,0.95055056,0.71450347
2000-12-05,0.7380947,0.4524971,0.97215194,-0.31782916,-1.219553,0.7610632
2000-12-06,1.0382761,2.3479543,0.33714378,-0.42492795,0.5833454,-0.3376809
2000-12-07,0.52796215,2.3018286,-2.5726938,1.0542915,-0.75196236,-1.7533883
2000-12-08,1.2977822,0.850007,-1.654002,1.4470807,-1.6281155,-0.44281852
2000-12-09,2.741372,-0.2903559,-0.22464232,1.6335341,-0.81456375,-0.919447
2000-12-10,2.673368,-1.4278686,2.1717696,-0.4613273,2.019557,0.17881162
2000-12-11,0.28892168,-1.0552778,2.055572,-1.2488089,0.26424992,-0.52503365
2000-12-12,0.09902249,-0.8351859,1.8952628,-1.7468253,-0.49813583,0.2921325
2000-12-13,-0.75448024,1.0817556,0.19970806,-0.9052504,-0.1705758,-0.6616672
2000-12-14,-0.1668104,0.7702871,-2.2575905,-2.0362794,-0.76167583,0.9820242
2000-12-15,-0.3922423,2.469826,-1.0726938,-1.2461659,-1.1909541,-0.15378794
2000-12-16,1.6031873,3.8191612,-3.0474956,-1.0982176,-0.8958917,0.6742956
2000-12-17,1.1697215,2.9010334,-1.9613913,-0.34852496,-2.4506948,1.9101982
2000-12-18,2.7381587,-0.43295208,0.7319506,-0.26356634,-1.0266181,1.078263
2000-12-19,1.189281,0.6051235,1.7441739,0.6844385,-0.081186935,0.83468807
2000-12-20,0.9088169,-0.53604877,-0.15863174,0.6506412,0.08288312,-0.563433
2000-12-21,2.106336,1.4366572,4.3826537,-0.05543669,1.3725259,-1.2893443
2000-12-22,2.983829,0.6520367,-0.35069135,-1.4026603,2.2581065,-1.2993001
2000-12-23,0.49684685,1.330863,1.9676137,-2.906052,-1.0354614,-1.7724726
2000-12-24,-0.95088863,1.8646817,-1.3752784,-2.1686482,-2.3967,-4.0129614
2000-12-25,-1.7291036,2.1047854,-1.4599988,-1.4753664,-3.6236107,-3.1435518
2000-12-26,-0.59844756,1.0882664,-2.5705807,0.030999303,-4.206178,-1.7279594
2000-12-27,0.8430758,-0.16284886,-0.7020329,-0.32399246,-0.77007556,-3.6152258
2000-12-28,0.046062768,0.7138834,1.8501709,-0.40206835,-1.6030798,-2.1775768
2000-12-29,-0.9641057,-0.061986953,-0.15608019,0.30314046,-0.86960816,-0.6315239
2000-12-30,-1.2451265,0.5671006,-2.8018775,0.26160258,0.13830265,0.18681055
2000-12-31,-1.2439966,0.8740174,-2.3052142,0.28079727,-0.9523703,1.5289657
2001-01-01,-1.5728837,-0.08336092,-2.7222192,0.450749,-0.06377192,2.4797096
2001-01-02,-0.9022123,1.7667034,0.86863637,-0.59701854,-0.7098354,3.242069
2001-01-03,-0.949006,0.6474474,-2.336894,-1.1108954,2.234696,1.7375456
2001-01-04,-0.32704645,-0.7133357,-0.20737009,-0.36653182,-0.62299633,1.9615996
2001-01-05,-1.5865729,0.43928868,0.3606206,-0.87188417,1.5635744,2.3738017
2001-01-06,-1.7609245,-0.36515316,-0.45541924,1.8249105,-0.027262961,1.4193388
2001-01-07,-2.7223322,-1.4522744,-1.0469589,0.78539455,1.7004629,1.0348456
2001-01-08,-3.1206813,-1.4965818,-0.16039023,1.9794784,1.7055662,1.4544381
2001-01-09,-1.6004891,-2.1215677,0.049977425,-0.26819643,3.462639,0.87081873
2001-01-10,-1.6941966,-1.236917,-0.07393253,-0.35322335,0.1500996,1.4996902
2001-01-11,1.2439889,-0.29922166,-0.17294937,-2.4852254,-0.4559089,0.5935205
2001-01-12,1.7770998,0.3097933,2.7709405,-1.6089417,-1.0956452,1.8377976
2001-01-13,0.80022156,1.4568336,-0.13909437,-2.7659924,-0.7064008,2.7849987
2001-01-14,0.014381826,0.26621377,0.8402001,-1.5749103,-0.77207965,2.1908865
2001-01-15,0.18707682,-1.234912,0.54013413,-1.7733703,-0.034226917,1.0326583
2001-01-16,1.2287004,0.03890036,0.3736676,-1.7501909,-0.9058752,-0.10361598
2001-01-17,1.3276051,0.6219963,-0.4555286,-0.80724466,1.155731,0.27411187
2001-01-18,-0.22915182,-0.703241,1.6607466,1.0224677,0.08905384,-0.72432894
2001-01-19,-0.76740247,-0.9618037,0.33623502,0.67659825,0.05951717,-1.3495681
2001-01-20,-0.5514358,-0.5525173,-0.7465965,-1.442567,-0.604238,-1.4212928
2001-01-21,0.722945,-0.6379888,0.23800422,0.11289884,-1.7003317,0.27876288
2001-01-22,0.08657782,-1.6508547,1.9286765,0.8438278,0.25168863,0.0650087
2001-01-23,0.4022347,-2.6374097,1.8483325,1.2520212,0.84964764,1.0046042
2001-01-24,-0.7869411,-1.9421998,2.9023063,-1.1866525,1.7647015,1.0812281
2001-01-25,0.28600508,-1.9143852,0.7692663,-0.09283101,1.4838314,-0.44816074
2001-01-26,-0.8966256,-1.4991766,0.13688795,-0.9841829,2.6115851,-1.2861998
2001-01-27,-1.5595931,-0.33735618,0.83694816,-1.8414308,-0.40886158,-1.2821909
2001-01-28,-1.1417758,0.9850698,0.9994249,-0.68720907,0.074607916,-1.794683
2001-01-29,-0.64719987,1.2297355,-1.66063,0.3449329,-1.0112207,-2.8456244
2001-01-30,-2.7658918,0.7051412,-2.3367105,-0.24853772,-1.8639189,-1.119622
2001-01-31,-1.3694278,-0.34866998,-1.8963795,-0.41852427,-0.40081844,-0.20474005
2001-02-01,-1.1414099,-0.56631446,-1.2477399,-1.2058536,-0.2840759,-1.0517803
2001-02-02,-0.046236157,-2.1725762,-2.0002673,-1.6332868,-2.4166975,-0.50017333
2001-02-03,-0.03403699,-0.82720923,0.9384009,-0.6946272,-1.4253362,0.39676917
2001-02-04,0.9075498,0.72736335,0.6304214,-0.83866173,-0.45045826,1.045807
2001-02-05,0.54402465,0.26570475,1.2899776,-1.292943,-0.6049149,-0.6966874
2001-02-06,-0.7300162,-0.32694435,0.15923706,-0.3196567,-1.6044236,-1.8742747
2001-02-07,-1.4935045,-0.6390977,-0.8544467,-1.3737489,1.1760552,-2.0019927
2001-02-08,-0.6121845,0.10584041,-1.1398191,-1.1436903,-2.190184,-0.9831443
2001-02-09,-0.6487848,-1.5512345,1.2615756,-1.3460155,1.5580485,-1.8727963
2001-02-10,1.3077152,-2.2015665,0.25265127,0.1874568,-0.364848,-0.24021432
2001-02-11,2.0363364,-1.0878286,1.9845771,1.6267166,1.233834,-0.68419796
2001-02-12,3.5322542,-1.6041414,2.3685527,-0.5509379,3.185463,-0.2585763
2001-02-13,2.5852525,-1.1472822,4.077231,-1.8626645,2.382023,-0.04307311
2001-02-14,1.7377653,-1.8992606,3.425449,-3.4483716,-0.4148114,1.0280149
2001-02-15,1.4757107,-1.9232275,1.6840501,-3.1378179,-0.22943057,-0.4403043
2001-02-16,0.79322696,-0.68592006,0.88249266,-3.0619826,0.23151214,-1.6826527
2001-02-17,-2.17763,-2.270935,0.78058815,-2.3496075,-2.4393466,-0.24357024
2001-02-18,-0.71501756,-3.1460152,1.5034785,-0.41617697,-0.3242705,-0.93837994
2001-02-19,-1.0989156,-3.4241936,0.21489567,-0.19097541,2.871061,0.7674273
2001-02-20,0.061068702,-3.005375,1.963998,-0.14916322,-0.7442693,3.2273486
2001-02-21,-0.056820758,-3.09894,4.0873675,1.0427583,1.7391096,2.8881226
2001-02-22,-0.12857041,-1.3678329,2.1949353,0.47960666,5.0999575,0.015395355
2001-02-23,-0.8266584,-1.4149953,3.017908,0.2917652,1.4447713,-0.6546493
2001-02-24,0.8033782,-1.3138093,0.7513374,-1.3396504,2.9570832,-1.1744456
2001-02-25,0.89784,-1.2060019,1.7264295,-1.2424808,0.79594237,-0.65035427
2001-02-26,0.900428,-0.2115601,2.89125,0.202385,1.4677238,-2.3263164
2001-02-27,1.1823776,-0.1386829,0.4144858,-0.089054175,-0.13628276,-1.4968548
2001-02-28,0.56089383,0.15291533,0.32695508,-0.7730383,-1.2756406,-0.7518153
2001-03-01,0.40070906,-0.7859013,1.3902357,0.014499715,-1.3885311,-1.193283
2001-03-02,1.1973957,-2.6096587,0.71711993,-0.8089743,0.13321298,-1.8381605
2001-03-03,0.66252124,-0.95728827,4.310764,-1.1794865,-0.7260244,-4.078221
2001-03-04,-0.005145514,-1.378126,0.9611146,-1.7664537,-2.2901444,-2.1479356
2001-03-05,1.4079822,-1.0143863,1.6341064,0.13041744,-1.6708982,-1.8149624
2001-03-06,0.9576496,-2.306761,0.76524365,0.5094411,0.33108786,-0.8266967
2001-03-07,0.38336658,-2.9048002,1.5295248,-0.008725318,1.4245652,1.4083579
2001-03-08,1.670359,-1.1860818,4.279492,-0.43357447,1.3663669,2.3273993
2001-03-09,1.6899412,-1.2531803,3.1301627,0.7368287,2.9522195,2.4455323
2001-03-10,0.19034854,-0.7985961,1.4556146,0.9675459,2.064176,2.7805305
2001-03-11,-1.1295424,-0.16218539,1.3597218,1.3124619,2.8348422,3.5776432
2001-03-12,-1.9844086,0.3147488,0.33102688,0.2630559,3.539588,2.1545618
2001-03-13,-0.80311066,0.6535368,-2.148269,-0.097087525,0.5593811,1.6654832
2001-03-14,1.3638029,1.7262957,-2.541968,-1.2686061,-0.599298,2.3248398
2001-03-15,1.7796592,0.36039802,-0.9126464,0.34708974,-3.3863945,1.5202879
2001-03-16,1.9367617,0.4761896,0.5455834,1.2447919,0.78522927,0.9298378
2001-03-17,3.7378547,0.11744809,1.0341576,0.23271097,1.5749936,0.398178
2001-03-18,2.1568367,1.6314632,1.6277957,0.7101624,2.1845903,0.8999909
2001-03-19,1.661035,2.233779,0.5303507,0.5710961,1.5798839,0.0142351035
2001-03-20,0.030010676,0.87469107,-1.519404,0.059474047,0.9114143,0.697427
2001-03-21,2.5738444,0.26237774,-2.348502,-0.9337479,-0.14251238,0.084831096
2001-03-22,1.8054694,0.23609091,1.5886627,-0.9232408,-2.0591285,0.22856931
2001-03-23,-0.85944104,0.6604646,0.9850339,0.2156851,-0.114317276,0.017874224
2001-03-24,0.11305872,0.2512324,-1.173297,0.73733896,-2.093423,0.327775
2001-03-25,0.97638714,0.946025,1.767125,-1.4129639,0.35305735,0.8498395
2001-03-26,-0.03639541,-0.3562258,-1.2787572,-0.08685559,0.07554724,1.1737167
2001-03-27,1.3885046,-1.0352857,2.534495,-2.598865,-1.3963013,0.12061129
2001-03-28,2.856745,-0.40175417,1.6053897,-1.2415832,2.002533,0.64558697
2001-03-29,2.7842207,1.1705376,0.82645106,-0.9991526,0.3848724,1.7805034
2001-03-30,2.127538,0.45102912,0.6954024,-1.0672259,-0.5752133,2.3280427
2001-03-31,2.957416,-0.65044767,0.7796948,-0.9949845,1.7681241,0.42307872
2001-04-01,3.6799967,-2.3479545,2.6812298,0.1101791,1.0021058,1.2175083
2001-04-02,3.1505957,-4.9819684,4.1416025,-0.067280814,1.781465,1.8800153
2001-04-03,1.9126847,-3.9014554,6.0496554,0.13933063,3.820992,1.0471916
2001-04-04,0.819463,-5.1793857,3.0703168,-0.6966077,2.5463889,1.3055909
2001-04-05,-0.9626862,-2.1681583,3.986114,0.67484653,1.8644714,1.0949645
2001-04-06,0.8319432,-1.2285303,1.0398694,-0.94938827,4.1738644,1.5067981
2001-04-07,0.003116119,-2.260192,0.88491744,-2.8304942,1.2570847,2.887646
2001-04-08,-0.9719645,-2.7941809,2.5856328,-1.8542954,0.8083658,3.0591025
2001-04-09,0.24390826,-2.3242967,1.4281454,-2.5504642,1.4200857,1.4212581
2001-04-10,-1.5962286,-3.3337452,2.9275851,-0.61178666,1.8854845,-0.616184
2001-04-11,-1.4996119,-1.3969196,1.2612001,-0.9796687,3.269806,0.29840955
2001-04-12,-1.8052336,1.2986283,-1.4595453,-0.18497509,-0.4290463,1.2052084
2001-04-13,-0.99074835,0.55588627,-0.4080085,0.6915096,-0.11951126,1.2998397
2001-04-14,-1.0383979,0.13941976,-2.8812523,-1.5854769,0.00852291,2.4151886
2001-04-15,-0.20810805,0.60279894,-1.0169079,-1.8788989,-0.6630383,3.42588
2001-04-16,-0.096656956,0.38460296,-2.0792508,-2.5282962,-1.7944347,2.2602837
2001-04-17,1.7249206,-0.9011516,1.6555067,-2.8055856,-1.427654,0.67656183
2001-04-18,-0.24494119,-0.6956982,1.2037157,-2.3141024,-1.2450303,-0.25543445
2001-04-19,-0.24374194,-0.6207418,0.04832199,-2.5817943,-0.33661804,0.16636203
2001-04-20,-0.07672502,-0.35289076,2.0592346,-3.8365169,0.29104233,-0.6310456
2001-04-21,-0.778297,-0.5313924,1.0947125,-3.0029805,0.09882288,0.47405156
2001-04-22,0.053087436,0.8676483,1.2929449,-1.5274777,0.44316474,-1.7601551
2001-04-23,0.8187252,0.8246885,-2.1426783,-1.0020268,-0.5512083,-1.4175737
2001-04-24,1.3140497,0.6135292,0.6232059,-2.0562499,-2.731044,-0.6073987
2001-04-25,1.8815987,-0.8536942,1.5399628,-2.2156677,-0.23331499,-1.3390118
2001-04-26,2.5659513,-0.52474254,3.9595792,-0.42145732,-1.1821178,-0.4332471
2001-04-27,1.1266667,-0.16217783,1.6372684,0.7052453,0.6194694,1.3004985
2001-04-28,1.1774697,-0.940844,2.912776,-0.35007945,1.0683062,0.90600336
2001-04-29,0.16164269,-2.3918886,2.2664735,0.58089286,-0.0015175104,0.49698532
2001-04-30,-0.49462804,-1.0867854,0.48758623,0.7669576,1.2935553,-1.0520637
2001-05-01,0.3227818,-1.8947461,1.0286041,0.39801088,-0.6679995,-1.0948596
2001-05-02,-0.7498002,-2.7244759,0.79771614,0.5828488,3.4424,0.041639317
2001-05-03,0.7800925,-3.9627318,1.4935508,0.9341421,1.5454216,-0.44727632
2001-05-04,-0.36759728,-3.5633752,4.4550686,0.48238724,1.4926878,-0.32124072
2001-05-05,1.2650456,-1.3755516,1.4682558,0.7893839,4.0685844,0.9576607
2001-05-06,0.65401226,-1.9051201,2.314079,1.3793558,1.8605531,0.97239506
2001-05-07,1.1124594,-2.5233405,1.9087405,1.1918734,3.215301,0.5147882
2001-05-08,2.32986,-2.44154,2.7368364,0.7805037,1.4421518,0.14414895
2001-05-09,2.7350204,-3.1685617,3.9485106,0.76354927,1.3290244,-0.13258542
2001-05-10,0.6666534,-3.7805772,2.5035527,1.2679169,1.6692297,-0.39401385
2001-05-11,-0.074247934,-2.7819521,3.8702233,-0.054623403,1.5366889,-0.073573954
2001-05-12,0.646763,-3.477556,2.3686757,0.20276454,2.666716,-1.9200599
2001-05-13,1.1016608,-2.187031,2.414926,0.49528784,1.3405743,-0.26230335
2001-05-14,0.7891778,-3.1745725,2.2117066,-0.50356984,0.16636941,-1.3135282
2001-05-15,0.6565841,-2.477042,3.6985312,-0.6866739,1.9700544,-2.8335373
2001-05-16,0.46595988,-2.5044656,4.592369,-0.6001629,-0.36022806,-2.3967297
2001-05-17,-0.38202694,-2.1333292,0.42109278,-0.665955,1.4273306,-1.7035367
2001-05-18,-0.9930562,-0.91559273,1.1297655,-0.74449867,-0.41646615,-2.3792055
2001-05-19,-2.0430515,-0.8079427,-0.8129278,1.5226569,0.61845106,-2.384965
2001-05-20,-1.2798158,0.35650834,-0.32260013,1.2264425,1.9969873,-0.5160866
2001-05-21,-3.0147903,-1.0023319,-2.975495,-0.0707005,-1.5792218,0.0043792007
2001-05-22,-2.5454867,-3.6550374,-2.5655,-0.84322923,-1.291103,1.9728782
2001-05-23,-1.6731765,-1.5281944,1.5879155,-0.61968935,1.175057,0.80641943
2001-05-24,-1.019373,-0.06583971,-1.4493018,-0.3672213,0.550826,0.2845717
2001-05-25,-0.43872488,0.0677274,-1.3130367,-1.2621757,-1.7684083,1.0156142
2001-05-26,-0.58101606,0.07011362,0.7474484,-3.1032581,-1.6578531,0.42812106
2001-05-27,0.8713683,0.9098444,-0.59305,-0.31638116,-1.893998,-1.855407
2001-05-28,-0.3826999,0.5182974,0.0053236936,-1.829111,-1.4898772,-0.8852272
2001-05-29,-0.58870107,0.5821023,0.5220726,-1.9087394,-1.3743638,-1.5005299
2001-05-30,-0.15946949,0.4350616,-1.5299474,-1.3104067,-1.9073077,-1.5353786
2001-05-31,-0.9170281,1.2202713,-2.3750806,-0.9950685,-1.5284141,-1.53461
2001-06-01,-0.22580577,0.6927427,-1.4262776,1.0633613,-2.2911072,-0.5109984
2001-06-02,-1.176807,0.05135145,0.25006995,0.58330494,-2.3990633,-0.7502045
2001-06-03,0.15681882,-0.4878042,0.9693506,-0.2682611,-0.29254344,-1.5156809
2001-06-04,-0.6185372,1.5760111,0.6107471,0.07957015,-0.17711896,-2.2262073
2001-06-05,0.048582755,-0.40298164,-1.031481,0.9266344,-1.6224549,-1.9887211
2001-06-06,1.0365107,-1.076239,0.34478155,-0.009618804,0.1574398,-1.8762499
2001-06-07,0.9341449,0.08065013,1.6393211,-0.45366845,-0.4988582,-1.6868662
2001-06-08,1.843427,0.48388848,-0.30023763,-0.053198904,-0.383821,-1.9700654
2001-06-09,0.6386757,-1.0640601,-0.44100443,1.6785232,0.5165925,-1.5069945
2001-06-10,1.2757497,-1.7002969,-0.39008242,1.0857712,0.09863834,0.012403941
2001-06-11,1.4786363,-0.8373054,1.0902992,0.58313054,1.3074142,-0.14202538
2001-06-12,-0.20631862,-0.87956464,1.4811469,0.23154573,0.18506733,0.37244627
2001-06-13,1.0626369,-1.1958969,0.802873,2.9022846,1.3474412,1.920773
2001-06-14,1.4348038,-1.6774381,2.0548913,2.3523889,3.3208835,2.1181936
2001-06-15,1.5557004,-0.97714144,2.2564528,1.0249847,5.3089705,2.6596217
2001-06-16,0.79777944,-0.73272324,1.5226703,1.8314359,3.0716608,0.93271345
2001-06-17,-1.236267,0.5027177,-1.9766945,0.21469274,3.0010204,1.8744863
2001-06-18,0.4719611,0.7955484,-1.4960408,-0.49738902,-0.6041981,0.90488005
2001-06-19,-0.04291768,1.6808853,-0.29756698,-0.120574534,-1.798088,1.7985002
2001-06-20,0.32184002,-0.036355883,-3.282776,0.40796798,1.1967901,3.7775047
2001-06-21,0.36829117,0.36308074,0.52580374,0.8843535,-0.25052094,2.2732906
2001-06-22,-0.5948795,-0.74298114,0.65163046,-0.685011,1.942817,1.6917818
2001-06-23,-0.98265946,-0.49632266,-0.7764454,-1.7774407,0.23112975,0.7423691
2001-06-24,0.16345853,0.36991343,-0.4352343,0.7690442,0.47763693,0.76589966
2001-06-25,-1.5802596,0.9397444,0.6899776,0.6113274,0.058790497,1.7304639
2001-06-26,-3.5589218,2.2295887,-1.7469395,0.08491801,0.06982363,2.620774
2001-06-27,-4.675389,2.8128827,-4.897773,-0.17378066,-1.2355547,2.485467
2001-06-28,-5.513542,1.8084669,-4.3512416,1.1948161,-1.6587125,0.45404953
2001-06-29,-5.446459,1.9900231,-5.629683,0.5424229,-2.583113,0.97971773
2001-06-30,-4.807929,0.87220055,-5.1534133,0.55746835,-1.4681851,0.25374547
2001-07-01,-5.86045,-0.13160254,-3.3670585,-1.7008954,0.30616453,0.39357316
2001-07-02,-5.4938164,-0.62319916,-4.237627,-0.4508706,-3.1149979,-1.0870409
2001-07-03,-3.9608502,-1.4789588,-3.260975,0.25550818,-2.7161674,-0.7317458
2001-07-04,-1.6655178,-0.8516896,-1.1402305,0.8181958,-0.8843887,-1.3670808
2001-07-05,-1.6348068,-0.8991781,0.30605662,0.15228711,0.2354239,-0.7049126
2001-07-06,-1.9399288,-0.8224209,1.159341,-0.9858742,0.9847812,1.0307428
2001-07-07,-1.8532364,-0.27657554,1.4248892,2.0296378,1.1178743,0.62581366
2001-07-08,-1.666763,0.3198946,-1.1671022,3.6802557,0.81901455,0.87378466
2001-07-09,-1.9552375,-0.34587094,-1.6899188,1.5062126,2.1281543,-0.57300234
2001-07-10,-2.856693,-0.74042773,-1.8814625,-0.2823159,-2.804247,-0.247309
2001-07-11,-4.370544,0.24430315,-1.8368922,0.47783464,-0.32438165,1.6031219
2001-07-12,-3.371778,0.12374887,-3.0830922,0.07416585,-2.4973423,1.7634083
2001-07-13,-1.7824788,1.9913232,-1.9746251,-0.4879504,-1.3520774,2.701725
2001-07-14,0.08356013,3.295708,-0.44149742,0.80057085,0.341131,0.83469266
2001-07-15,0.2280625,2.444937,-2.1413226,0.3863491,-1.8607857,2.036451
2001-07-16,-1.0332265,1.8972032,-1.1229186,0.36563295,-0.96415573,0.94131345
2001-07-17,-0.6251563,2.181585,-2.820386,0.26706916,1.2459852,1.1273198
2001-07-18,-1.7609974,-0.32826474,-1.9770849,-0.9323709,-2.408922,0.29337072
2001-07-19,-3.960164,1.949011,0.21829468,0.07604782,-2.4568748,-1.271904
2001-07-20,-4.3691053,1.3812482,-3.8187413,0.12652451,0.7318347,-0.23177984
2001-07-21,-3.6835012,2.8116844,-3.5314329,0.19602056,-1.7048273,-1.2795022
2001-07-22,-1.7541796,2.261857,-5.0066333,0.30854908,-3.636743,-1.3572807
2001-07-23,-2.2313516,1.5284036,-4.6670904,0.2845081,-1.7867008,-1.9007773
2001-07-24,-0.76356256,0.6046113,-3.5544932,-1.0172554,-2.7394876,-1.3948196
2001-07-25,-0.6709815,-1.3079141,-0.2555748,-0.88044524,-2.645366,-2.09068
2001-07-26,-1.6403431,-0.7922586,1.462718,-1.2472776,-0.1423214,-2.9239187
2001-07-27,-1.0934554,-0.16482696,-0.44214925,-0.08082055,-1.29047,-4.1655974
2001-07-28,-1.1726224,0.7614345,-0.32300943,-0.25456268,-2.2052538,-1.5414106
2001-07-29,-0.21070582,1.5775864,-1.457681,0.1752635,0.9580841,-0.42394987
2001-07-30,-1.5317614,1.4177366,-2.299571,1.2337362,-1.4950237,0.16014215
2001-07-31,-1.8553067,1.2380747,-2.8870113,-0.30348733,-1.5255468,-0.06669793
2001-08-01,-2.2926385,0.12917653,-2.6044726,1.8097923,-2.3268032,0.25173625
2001-08-02,-3.3531325,-0.17523025,-0.47765493,1.0860895,-0.07294825,1.0533166
2001-08-03,-3.2372446,-1.6495335,-2.5163877,-0.20403107,-0.64758515,1.0498412
2001-08-04,-3.7606912,-0.6725883,-0.53541076,-1.5147628,0.43727803,0.2436072
2001-08-05,-3.9658122,-0.18328148,-1.5672146,-1.8685385,0.6251997,0.47247142
2001-08-06,-4.387113,-1.0669292,-3.7942934,-0.6429205,-1.6005263,0.8170998
2001-08-07,-3.4585803,0.08335969,-2.2679029,-0.79767174,-2.0004807,0.33124483
2001-08-08,-1.2522354,1.157334,-2.5871096,-1.9316646,-0.727258,0.30594632
2001-08-09,-0.52505934,1.5146068,-2.6324015,-2.1898258,-1.3226622,-0.5182345
2001-08-10,0.52119714,1.8558758,-2.2894685,-3.1489525,-2.2515082,-1.0862751
2001-08-11,0.9665189,2.11031,-1.7466626,-4.135446,-3.0313165,-2.2830887
2001-08-12,1.9862837,4.230231,-0.305695,-2.9767601,-3.8908114,-1.8139988
2001-08-13,-0.37215662,2.9792573,-1.7782675,-2.363895,-2.1205013,-1.70431
2001-08-14,-1.3180745,3.7207937,-2.4076664,-0.09347095,-2.4497497,-1.2034143
2001-08-15,-0.48492092,3.874051,-4.089642,1.4655627,-3.005038,-0.8223812
2001-08-16,-1.0795183,2.7300422,-0.67251587,1.351074,-2.146204,1.1072956
2001-08-17,0.2669579,1.2709455,-1.7474244,1.763735,-1.56582,0.3902664
2001-08-18,-1.5512476,2.7392983,-2.7572625,0.6533648,0.42029244,-0.73064625
2001-08-19,0.8512959,3.5280733,-5.2852774,0.3598773,-1.6417675,-1.1109345
2001-08-20,-0.6844382,1.4634545,-1.544691,-0.8212842,-2.6646273,-0.7659238
2001-08-21,0.11234925,-0.018308708,-0.7995993,-0.6873929,-2.8709228,-0.1518337
2001-08-22,-2.4795158,-0.7781483,0.5209083,0.18091045,-1.06695,1.1631624
2001-08-23,-2.5748549,-0.40535352,-1.2234362,-0.32417068,-0.21503711,0.18698724
2001-08-24,-3.547328,-0.260855,-0.8745581,0.6469523,0.44190866,1.8934905e-05
2001-08-25,-2.3148117,-0.13361137,-1.9717755,-1.0190765,0.48669782,0.7498482
2001-08-26,-3.6054337,-0.982908,-0.78086734,-0.50165254,-0.38885516,0.91059905
2001-08-27,-0.75240254,0.71454895,-1.5893209,-0.96881795,-1.0389605,1.1866261
2001-08-28,0.24283862,0.20566411,-0.4878608,-1.5310677,-0.010146785,1.3316566
2001-08-29,0.034647036,0.88372076,-0.083673716,-0.98021466,-0.58598137,0.5713581
2001-08-30,1.8486097,0.7625403,-1.0028156,0.8874424,0.7824101,1.6341047
2001-08-31,2.5857623,-0.86859995,0.87795776,0.6641087,-0.16681267,-0.4908103
2001-09-01,1.0200061,0.55304044,2.2690024,0.18803191,1.5005107,-0.7032605
2001-09-02,2.2248788,-0.2086298,0.6532304,0.20736901,0.05573466,-0.04149703
2001-09-03,1.3705086,1.2591733,0.66362786,1.0422047,3.187742,-1.0679076
2001-09-04,2.4360936,1.247267,-0.44300416,-0.6131696,0.23783001,-2.2108145
2001-09-05,2.064109,-1.1044445,0.9386046,-0.79395,0.5403668,-2.1518312
2001-09-06,2.171034,-1.0665333,2.6817253,-0.71719444,-0.67002386,-1.325127
2001-09-07,2.7065551,-0.9624037,2.6979756,0.16937524,0.4458234,-2.311804
2001-09-08,2.158698,-0.42643794,1.251044,0.052620932,-0.37333795,-1.9141552
2001-09-09,-0.053895045,-1.1491283,0.47183672,1.2461098,-0.124460496,-1.7688831
2001-09-10,-0.41150707,-2.8023434,0.3414866,1.1582818,0.65275043,-0.25313777
2001-09-11,0.28201112,-0.30192938,1.3855783,-0.07026204,2.127198,-0.31360492
2001-09-12,0.99998564,0.14131469,0.98051214,-0.90046364,1.3496698,-1.4699948
2001-09-13,2.5558958,-0.037190374,0.27498853,-1.5391135,-1.8169119,-1.918028
2001-09-14,2.9967036,0.771661,0.40604326,-0.36605364,-1.5298697,-1.5719744
2001-09-15,1.4874859,-0.039798398,1.3977053,0.7653876,-1.2680107,-1.9561338
2001-09-16,0.8910343,0.0727154,-0.08690365,-0.7627749,0.025826454,-1.7428973
2001-09-17,0.37466446,1.3305376,-0.29203898,-1.4883966,-1.9518394,-0.96370333
2001-09-18,-0.38517702,1.276644,-1.4540308,0.5725296,-1.8776518,-2.007162
2001-09-19,0.3744814,-0.1260363,-1.0460365,0.3379926,-1.8518095,-1.7449175
2001-09-20,0.29359284,0.79678,-0.6300495,-0.62308854,-0.6253065,-3.8026392
2001-09-21,-1.6623601,2.9055057,1.0306115,0.29227203,-3.104223,-3.267186
2001-09-22,-0.9543184,1.1882147,-2.8591056,0.4259865,-1.6351149,-2.533316
2001-09-23,0.04109032,0.310273,-2.7261975,-0.07004357,-1.5144587,-0.7745486
2001-09-24,-0.40341544,-0.4127378,1.0229322,-1.4340478,-3.5374842,-0.32412788
2001-09-25,-1.1240919,-1.8809507,0.0868346,-0.42934945,-0.9853537,0.16981086
2001-09-26,0.4760237,0.13941579,0.6537293,0.43843815,-0.09211832,0.90787446
2001-09-27,-0.56288075,-0.67974234,0.24706203,1.7174968,0.5983822,0.99759895
2001-09-28,0.9515228,2.3356004,0.80304563,1.7429937,1.0102746,-0.49952942
2001-09-29,1.6353518,2.7951407,-1.2723258,0.19520403,-0.50308275,0.3487035
2001-09-30,0.88929653,1.1570303,-0.2917878,0.60383296,-0.113121174,0.38009626
2001-10-01,2.29902,-1.1693472,2.34982,0.9280662,0.5338424,0.2189199
2001-10-02,3.0192196,-1.1073059,2.151164,-0.90116054,2.3304198,-1.5357667
2001-10-03,2.8992302,-1.0732806,4.279285,-2.288148,1.3057578,-1.7062488
2001-10-04,3.5795774,0.028623689,-0.14165357,-1.8311403,0.31470022,-1.6585191
2001-10-05,1.4196618,1.2891508,3.1924872,0.08001415,-1.944981,-1.2592961
2001-10-06,0.94947773,2.1031013,0.3814472,-0.10020603,0.7821203,0.31148472
2001-10-07,-1.9608759,-0.85666454,0.028270043,0.57697695,0.91668975,-0.0029017448
2001-10-08,-2.1029687,-1.1193078,0.19817148,-0.9783869,-0.8032825,-0.29245073
2001-10-09,-1.133765,-0.85016876,-0.5287241,-1.2430496,-1.1231152,-0.38817322
2001-10-10,-2.0626762,-1.7477053,0.30399176,0.44645828,0.16636887,1.106887
2001-10-11,-1.8614652,-2.0176165,0.19190978,0.2579628,0.1965346,0.17064807
2001-10-12,-1.2002002,-2.241537,1.1764554,-1.9079388,0.10086559,-1.620479
2001-10-13,-0.14947489,-0.014252367,-0.07598602,0.9035852,-1.4622991,-2.1876495
2001-10-14,1.2418982,-2.3060155,-0.13750659,-1.1631408,1.7001973,-2.688519
2001-10-15,-0.3762725,-0.77518654,3.4238892,-1.2307483,-1.1497308,-1.0437053
2001-10-16,-3.4697464,0.8923382,0.12711221,-1.4457748,0.35620674,1.3013988
2001-10-17,-3.1882353,-0.37793228,-1.0038736,-1.3812208,1.1191434,2.0872116
2001-10-18,-1.5432141,0.1658947,-2.9836922,-0.6805555,1.7530884,0.48307937
2001-10-19,-0.55824643,0.19023041,-0.88712007,-2.2938108,-0.9378443,1.8612267
2001-10-20,-0.51381797,-0.9608039,-0.59140635,-0.57500684,0.26675156,0.3581343
2001-10-21,-0.8072687,-0.5256934,0.5345778,1.23104,-0.013231201,0.10597086
2001-10-22,-0.26241335,0.11341336,1.2447308,-0.103950106,0.75192213,0.26862028
2001-10-23,-0.84067583,-1.1788481,1.36233,-0.6105977,0.13478482,-0.6536617
2001-10-24,0.22904062,-0.87072766,0.7816035,-0.18535112,0.24139267,-2.1762772
2001-10-25,-0.95122796,0.30447888,0.9640095,0.17330651,0.51362234,-0.29852167
2001-10-26,0.29894724,-0.19038497,-0.21140024,0.3879436,0.5293589,-1.6662788
2001-10-27,-0.3793829,0.06472752,0.6833473,1.060359,-1.4109533,-3.4825487
2001-10-28,0.60352415,-2.4242358,1.8781118,1.7172062,-1.099648,-2.9990335
2001-10-29,1.4702183,-2.4929385,3.1520324,1.079383,3.2528157,-3.7216842
2001-10-30,1.1654845,-2.573508,1.7757614,0.254119,0.9468722,-0.90634346
2001-10-31,3.0698516,-1.1106207,1.6221955,1.146703,0.76393855,-0.6257076
2001-11-01,4.0856323,-0.53618556,3.7196271,1.8513874,1.1283963,-1.0784893
2001-11-02,2.5114357,-0.06496252,2.2657123,1.2907649,-0.21999493,-0.7315161
2001-11-03,2.6364589,-1.2673402,0.94676554,0.59797657,-0.6519164,1.1687015
2001-11-04,2.353652,1.6941639,2.7514439,1.4230309,3.1212227,1.3139685
2001-11-05,1.8965691,0.28920665,0.12601341,2.3231559,0.098455064,1.5793579
2001-11-06,1.4969181,0.88986784,1.0724055,2.236453,1.4802829,2.4949226
2001-11-07,1.5026588,0.16720365,0.027259592,1.8982891,3.3633523,2.1729581
2001-11-08,-0.86038435,0.8685011,1.0934362,2.6157947,4.320024,3.1935747
2001-11-09,0.69033545,-0.72169745,-2.5679839,3.3582149,2.1452112,2.3702812
2001-11-10,1.2447926,1.0044701,2.0944867,3.1777914,4.970942,2.9057665
2001-11-11,1.4002423,1.2814511,0.78633326,1.5660675,3.5051372,2.7156901
2001-11-12,0.99633265,-0.12122106,0.29163826,-0.08169104,1.126942,1.5356448
2001-11-13,2.2005115,1.3404801,1.0808156,0.031392723,1.810699,0.64595294
2001-11-14,1.4124641,1.8745487,-0.99332845,-0.96504414,1.0708025,0.70566016
2001-11-15,1.2522235,1.4896977,0.5344035,-1.0678656,-1.4396523,0.63702655
2001-11-16,1.5265294,1.3509308,0.07416354,-0.88451344,-2.1051726,1.3165925
2001-11-17,3.2896204,1.6051468,0.47003484,-1.1952664,-0.5401884,-0.4558174
2001-11-18,1.7529316,1.141537,1.2970641,-1.2073865,-0.5822883,1.2105955
2001-11-19,1.3663352,0.479661,-0.36638317,-1.3801643,0.5553919,1.0779544
2001-11-20,0.7310655,-0.48544905,0.6736966,-0.721018,-0.6760256,2.0964615
2001-11-21,-0.44457847,0.8756721,0.6512615,-0.09933542,-0.34068274,0.09776185
2001-11-22,-0.4111064,3.4816487,-1.3552673,1.993372,0.27102807,-2.4845364
2001-11-23,0.71375245,4.3710923,-2.0007925,4.21482,-0.49116528,-0.33645552
2001-11-24,2.5918162,3.605673,-2.7643366,1.2106929,-1.0487266,-2.613083
2001-11-25,1.899426,1.4500906,-2.5321443,0.70727175,-3.5062342,-2.14641
2001-11-26,-0.38271213,0.13001303,1.1204325,0.04821018,-0.71295834,0.2637865
2001-11-27,1.4521983,-1.3630008,-0.17908628,-0.26548186,0.05490835,1.2518066
2001-11-28,2.112085,-0.4835842,2.790021,0.7953059,-1.8192866,0.6141337
2001-11-29,2.1178284,-0.34611756,3.7386222,1.8849244,3.1518664,1.3835524
2001-11-30,2.258443,1.0167505,2.4549468,0.34398457,3.2612343,1.3070046
2001-12-01,1.2113845,0.27404884,0.8107551,1.1449134,1.4468125,0.6036862
2001-12-02,2.6163812,0.42295438,1.7890599,1.2423902,1.1488091,1.3264246
2001-12-03,2.689651,1.1664817,3.0054162,1.2092828,2.0166912,0.7928764
2001-12-04,2.4020255,1.4016664,0.044291697,0.73658174,1.6468451,0.08455481
2001-12-05,3.3190188,1.0964066,-0.8098576,-1.1467023,-1.6060022,0.7203746
2001-12-06,1.0183192,2.0729146,2.237649,-0.09413074,-0.8351848,1.0342546
2001-12-07,0.21708682,2.9812496,0.19572106,-0.26899242,1.0482454,1.21367
2001-12-08,-0.0042252094,0.2696654,-1.5077895,-0.46540654,0.04828825,0.055571843
2001-12-09,0.8433498,2.0561001,0.19345744,-0.42198017,-0.87505925,-0.98058075
2001-12-10,-0.3506241,1.8256006,-1.1348248,0.41916382,-1.2689254,0.7482654
2001-12-11,0.5479253,0.9477599,-1.9489971,0.039512057,-1.2378728,0.35169482
2001-12-12,-1.3391143,1.9766996,0.04881068,-0.5729481,0.111825876,-1.2789619
2001-12-13,-0.89531845,2.477124,-0.99500585,-0.7331174,-3.180081,-2.0393543
2001-12-14,1.1437232,0.25154853,0.19287689,0.40014637,-3.9736838,0.065433286
2001-12-15,0.17600474,0.36508048,1.2148743,-0.10921849,1.7231194,-0.6828652
2001-12-16,0.4615653,1.0453868,-0.85499424,0.64111835,0.46843123,-1.7290226
2001-12-17,1.4560364,0.9815232,-0.24618353,2.0171976,-0.0355025,-1.4770926
2001-12-18,1.3010175,1.1977851,-0.6953288,1.8569207,0.045498688,-2.0365646
2001-12-19,2.2421112,2.195756,0.42477447,0.6755236,-1.2736646,-1.7084278
2001-12-20,2.2398596,1.9735721,-0.54391164,1.1848484,-0.45689112,-1.5424942
2001-12-21,1.7052809,0.8752179,-0.41499725,1.1491114,0.6101759,-0.61015755
2001-12-22,2.5572042,-0.41474018,0.57234985,-1.1528263,-1.0712394,2.823362
2001-12-23,2.2930038,-1.5948136,2.543535,-0.18050471,0.55567396,2.0790625
2001-12-24,1.7767743,-1.2787242,1.9564835,1.0628406,1.3037853,2.6123312
2001-12-25,2.161628,-0.23600613,2.79888,1.9930031,3.388939,0.5401853
2001-12-26,1.8234458,0.62475497,2.843661,0.7995794,2.56421,-0.67328095
2001-12-27,-0.36265796,-0.27136406,-0.3397252,2.2840424,1.1958971,-0.86827433
2001-12-28,-0.543913,-1.6402743,1.7168014,1.4396203,0.20499521,-0.959458
2001-12-29,-0.29624054,0.07839705,2.2617743,0.39666528,1.0304997,-1.126264
2001-12-30,1.2002907,0.9290197,-0.06467061,1.0063779,1.0607563,-0.8922367
2001-12-31,1.9826137,0.08128829,-0.09472832,-0.15503538,-1.1134278,1.6267852
2002-01-01,3.2697668,1.0166609,1.8650862,-1.0307578,-0.20230365,0.79488426
2002-01-02,4.1144395,2.2754397,2.4860601,-1.2610782,-0.4802479,1.908342
2002-01-03,2.9816532,3.1129358,1.3259215,-0.35877213,2.2147691,1.1930846
2002-01-04,1.1685661,2.9081383,-0.8566006,-0.7314748,-0.7471306,1.3960472
2002-01-05,0.8976214,2.4010112,-1.8712444,0.39154947,-3.495216,1.6690445
2002-01-06,1.3839903,2.1792963,-1.8037417,-0.9274852,0.22718683,2.1056094
2002-01-07,0.45644873,3.4972658,-0.9758213,0.98515004,-1.3456674,2.2965155
2002-01-08,-0.16034572,2.5442908,-2.0470123,-0.07316275,-0.5167428,1.9934988
2002-01-09,0.14112438,2.4652326,-1.0018588,-0.6553935,-1.9076824,2.3994646
2002-01-10,0.85554916,0.9054724,-2.332509,-0.1562355,-2.0462406,0.9979011
2002-01-11,0.14607754,-0.30004254,0.466877,1.1960737,-0.39660415,0.90401286
2002-01-12,0.34447342,1.0549929,2.338647,1.0536164,1.9888052,0.8564748
2002-01-13,0.7712195,-0.69601405,0.23066635,-1.1418647,2.973448,-1.033305
2002-01-14,-0.027548205,-1.4557121,1.2982146,-0.076943666,-2.7721786,-1.4685401
2002-01-15,0.76567525,-1.5351368,0.61446065,-0.75136244,0.8419046,-3.2392144
2002-01-16,1.9526855,-0.82839954,2.7338686,-1.1044571,-2.7099423,-4.7186403
2002-01-17,2.220714,-1.7111166,3.6679392,-0.045237385,-1.319697,-4.9682493
2002-01-18,2.05984,-1.9547728,2.5065482,-0.6712478,-0.6917966,-2.795883
2002-01-19,1.9126583,-0.8377802,3.466126,-0.09894585,-0.32360053,-1.1764731
2002-01-20,1.1631607,-1.34032,2.3896427,-0.6250176,2.8720508,-1.9868511
2002-01-21,1.3909515,0.056799695,3.3550305,-3.1647613,0.031583637,0.13321775
2002-01-22,3.260099,0.08735446,0.73532754,-2.0804338,-2.2823899,-0.7945055
2002-01-23,0.83877045,1.3490583,2.7036767,-0.036550593,-1.3328217,-2.3763847
2002-01-24,-0.49321505,-1.0183698,0.40379804,0.12973273,0.07928312,-1.990595
2002-01-25,-1.4956794,-0.18585859,1.4372151,-0.19601902,1.8589628,-1.8545961
2002-01-26,-2.2183852,-0.9934047,-1.7176906,1.0309136,0.14516234,-2.5281549
2002-01-27,-0.8961463,-0.69861376,-0.35727653,0.8304883,-0.25135547,-1.1386645
2002-01-28,-0.44866142,-1.404014,1.2062966,-0.12669079,0.042978287,-0.821979
2002-01-29,-0.8124205,-1.0842049,1.4234402,1.0881237,0.23445167,0.6528458
2002-01-30,0.052144278,-0.57685804,-0.5767475,0.60120565,1.995902,0.7493057
2002-01-31,1.534056,1.1802988,0.045558058,-0.08946365,0.5790033,0.20931236
2002-02-01,0.55608237,-0.074309915,-0.15132582,-0.31405765,1.9599295,2.7613275
2002-02-02,0.9438602,-1.009426,-0.77993476,-1.437523,-0.10945965,2.6138265
2002-02-03,0.41517013,-0.62859035,2.8531418,-1.3344289,0.22815509,0.9422238
2002-02-04,0.16073321,-0.6154339,1.4292811,-0.3767468,-0.2314416,-0.21693674
2002-02-05,0.44201377,-1.0393065,1.5763419,0.8580576,0.049825158,-0.5413924
2002-02-06,0.15755442,-0.9309367,1.3538681,1.2181039,2.9693131,-0.58016
2002-02-07,-0.59831655,0.15337533,0.45324114,-0.47182065,1.127516,1.6173477
2002-02-08,0.28953362,0.04692915,1.2356775,-0.21201721,-0.009051192,0.34181836
2002-02-09,-2.9354331,-1.0461936,1.1890475,1.2441847,-0.23702405,-2.6089017
2002-02-10,-2.8152883,-0.36269265,1.2948519,0.88159764,0.2197801,-1.0250953
2002-02-11,-0.96434593,0.4166196,-0.41376415,-0.8596157,2.2884238,1.520412
2002-02-12,-2.6974218,2.2251306,-2.8017795,-0.9678236,0.2710315,0.49588293
2002-02-13,-1.8810852,1.754915,-3.7598054,-3.256552,-0.09420283,2.1181633
2002-02-14,-3.127777,1.7975509,-3.534914,-2.502602,-3.2233486,2.5521479
2002-02-15,-2.6092708,2.3689003,-2.8336341,-1.0762042,-3.0351079,3.4005756
2002-02-16,-3.8463717,1.1398091,-3.0061677,-2.0496173,-0.46473938,1.5436816
2002-02-17,-3.3582075,0.9857432,-2.570632,-0.73267466,-4.099615,0.97348654
2002-02-18,-2.242577,-1.5873551,-3.4199567,0.64691585,-0.73165,0.59059906
2002-02-19,-2.5314667,-0.79610837,0.75613,0.94456375,-0.11333729,0.5902585
2002-02-20,-0.15753205,0.62742597,-1.0992932,0.9867985,0.7174549,1.5132314
2002-02-21,1.2970257,-0.8150782,-0.4222384,0.25147328,0.61788064,1.6717466
2002-02-22,0.8174715,0.2852105,4.158074,3.2093785,0.4309598,-0.14371134
2002-02-23,-0.58003145,-1.3677433,0.8347249,0.9739168,1.7022864,0.6375626
2002-02-24,0.14841858,1.3037717,3.1225452,2.184392,2.5278244,-1.7230835
2002-02-25,0.10136503,1.5171973,-0.6384977,0.23987511,2.3421888,-1.4199576
2002-02-26,0.39776182,1.6961019,-3.21182,0.63506126,-1.5195991,-2.4203942
2002-02-27,-1.1574682,0.9969146,-2.7906654,1.6033058,-4.361059,-0.69200987
2002-02-28,-1.7508978,2.1310291,-0.52366173,1.5618298,-1.7886599,0.4058763
2002-03-01,-0.941717,1.2205774,-4.35249,1.9294611,0.45781344,-0.41786933
2002-03-02,-0.6929886,1.3725593,-1.5466228,1.6484731,-0.49227244,1.4202408
2002-03-03,0.29280478,0.46062568,-0.6996217,2.6437051,1.4472044,1.8214084
2002-03-04,-0.52223706,-0.27149794,-0.07637215,3.0708432,0.62731797,-0.57643646
2002-03-05,-0.2563852,-0.84956795,-0.6884928,2.0043347,0.5772017,0.9365819
2002-03-06,-0.22923042,-1.6449286,0.18005688,0.9439935,1.785091,0.80494267
2002-03-07,-0.9768278,-1.0676495,0.8811186,1.5195216,1.1719772,-0.23918867
2002-03-08,-2.2600677,-0.2709617,2.73842,-0.6663376,1.8918155,0.4686575
2002-03-09,-1.0128772,-0.8733804,-1.8459545,0.21745607,-0.91332906,-0.5736752
2002-03-10,-3.0255713,-1.1391792,-1.7134647,-1.839906,-0.18020271,-0.53822064
2002-03-11,-1.5922827,-1.5909057,0.12478508,-0.97344315,-3.7187054,-0.82270765
2002-03-12,-1.8521078,-2.4703577,-0.8337855,-0.35585567,-2.0566251,-0.7385798
2002-03-13,-0.83446795,-0.004052846,1.8892663,-1.0115621,-1.6206223,-2.407348
2002-03-14,-1.3223535,-0.49239472,-1.3273308,-0.91085476,0.7099567,-2.3134232
2002-03-15,-2.4340248,-1.3130316,0.86626774,-1.2061307,-2.250536,-1.8882194
2002-03-16,-1.4921103,-0.18164305,0.32348794,-1.6406782,-1.3862468,-1.037058
2002-03-17,-0.94109184,-1.2760059,-0.57419795,-1.0931675,-1.6760771,0.792415
2002-03-18,0.8892552,-0.35213274,1.0543808,-1.2503091,-0.73882157,1.4039358
2002-03-19,1.2206323,-0.45283642,1.9086264,-1.2910289,0.91237235,1.5809301
2002-03-20,-0.21698752,2.9441187,-0.124879226,-2.138545,2.4616096,2.239195
2002-03-21,-1.0984176,2.1123457,-3.1271458,-1.9144123,-0.87295574,1.8648039
2002-03-22,0.01609701,2.7681744,-3.181228,-2.5778737,-0.18000023,2.5932634
2002-03-23,-1.7587794,1.1223965,-0.43798372,-2.3671148,-3.2865899,3.1306355
2002-03-24,-0.60512465,-0.37754774,-2.8767579,-0.96142006,1.1663743,1.7665975
2002-03-25,-0.28725052,0.1998347,0.6931584,0.37919563,-1.6707209,1.1336222
2002-03-26,0.04134183,-0.84938097,-0.06718954,0.6935699,2.3797061,0.06499861
2002-03-27,0.33725002,-1.7661905,0.74303174,2.0589948,0.73218215,-0.6102186
2002-03-28,-0.22478522,-1.8848758,3.1269088,1.9071995,1.6251659,-0.6682449
2002-03-29,-0.32408804,-1.0641881,2.4161463,2.615472,1.6136487,-1.4132941
2002-03-30,-0.29195976,-0.59970564,0.5285681,2.10179,1.2330632,-2.0475318
2002-03-31,-0.1834131,-1.4818162,-0.044594772,-0.19878188,-0.053926073,-1.5692797
2002-04-01,-0.66302395,0.21368077,0.2997469,0.58995634,-2.1775436,-0.5756648
2002-04-02,-0.23594226,0.7087125,-0.038424768,-0.13138752,-0.4678628,-1.1397012
2002-04-03,-0.74436134,1.2522283,-1.6337053,0.3562745,-1.818367,-1.0313772
2002-04-04,-1.3530467,1.6879419,0.25939322,0.0024615885,-1.1370369,-0.46146268
2002-04-05,-0.9372364,2.0621157,-1.2797496,0.16193353,-0.42951256,-1.1831683
2002-04-06,-0.0066370605,1.120282,-3.0538898,0.7706731,-1.9443808,-2.223239
2002-04-07,-0.40518168,-0.006157292,-0.21271545,2.1540918,-3.0548697,-2.5620887
2002-04-08,-1.3588004,-0.10232911,-2.430116,1.5075661,0.74645036,-2.4074569
2002-04-09,-0.20918527,-0.9964816,-1.9243354,0.2422256,-1.2214432,0.099225715
2002-04-10,-1.5066308,-1.7924279,-1.0476983,1.2978531,-0.08656441,-0.6715461
2002-04-11,-0.9147726,-2.4028978,1.2300656,1.067504,-0.3425331,-0.36913916
2002-04-12,-2.0843241,-4.038941,0.30976555,-1.1445674,1.9320911,-1.5059805
2002-04-13,-0.58818156,-2.1534243,1.7072053,-1.0473812,1.9069438,0.24656677
2002-04-14,-0.8212546,-2.514665,1.9241359,0.29558378,-0.9159919,0.14691196
2002-04-15,-1.4680603,-3.2465646,0.82222724,1.3929942,2.2315214,-0.13149682
2002-04-16,-0.78800505,-1.2380785,1.9258391,0.13914904,0.74343693,0.8269239
2002-04-17,-1.3159496,-0.80344,0.2554428,-1.3530748,1.9213105,0.116433665
2002-04-18,-0.824993,-0.4525384,0.05270588,-1.3026167,-0.6918487,0.91314965
2002-04-19,1.6327891,-1.6726542,-1.5842156,-1.3054768,0.36228865,0.72871655
2002-04-20,1.5759735,-0.31037828,1.7074413,0.19632822,-1.7160892,2.5901716
2002-04-21,1.8824542,0.33507875,0.43678427,0.7765566,1.822168,1.1010896
2002-04-22,1.3878775,0.17173144,2.806215,2.0594525,2.6809616,-0.760663
2002-04-23,0.69552106,1.7055941,0.6178933,1.2904435,2.6103115,-0.44114473
2002-04-24,1.4579351,1.6065062,-1.1986532,1.3280153,1.4934126,1.2491394
2002-04-25,0.5955436,2.5655942,0.24011597,1.1907033,-1.3974537,1.026048
2002-04-26,-1.3303895,2.5034194,-1.0280042,1.5759664,1.6655968,0.89495265
2002-04-27,-0.9132444,1.6791769,-2.3281102,2.009022,-0.7371326,-1.1946071
2002-04-28,-0.32568625,-1.6695591,-2.4728367,2.3377347,-1.0705018,0.73835987
2002-04-29,0.94083506,-1.6340774,1.008453,2.5882297,2.68228,-0.5312412
2002-04-30,1.0478747,-1.5929978,0.9026248,1.8885365,2.0927663,-0.21530029
2002-05-01,2.646543,-1.895441,0.76065093,2.4965577,2.1100113,-1.0387226
2002-05-02,0.9800866,1.0310781,1.9131151,1.5695738,1.1887313,0.54139686
2002-05-03,0.5545099,-0.11793587,-0.2681114,2.327343,2.1143584,-0.9994439
2002-05-04,0.0657442,-0.07732699,-0.19973145,0.094654225,1.661092,-0.60123104
2002-05-05,-0.872744,1.4733707,-0.8885288,-2.2110827,-1.443839,0.5111707
2002-05-06,-1.1694541,3.3807962,-1.8011457,-1.259716,-2.4930916,0.24470976
2002-05-07,-0.815673,2.7100196,-4.206792,-0.09677352,-3.3944929,-0.052969266
2002-05-08,-1.2606466,2.5832222,-3.6579864,-0.34107995,-2.7904131,0.03275436
2002-05-09,1.0766327,1.6181167,-3.7541206,0.7033819,-1.4856402,-0.38894418
2002-05-10,2.51618,2.1800246,0.3483567,1.0145457,-3.2166574,0.20698576
2002-05-11,3.8336248,0.62223524,-0.68388355,0.8323307,-0.8471821,-1.3241318
2002-05-12,1.7999328,0.3476568,3.0998693,1.1867528,-1.5083466,-0.11846925
2002-05-13,-0.61443555,1.696539,2.6631472,-1.4013859,2.6738155,-0.80551934
2002-05-14,-1.067841,1.9464034,-1.1707747,-1.0886716,0.7141128,0.2678558
2002-05-15,-1.0170565,1.0365148,-2.1589897,-0.64055836,-1.8890158,-0.59666735
2002-05-16,0.5650353,0.8277617,-2.4882627,0.4767713,-2.517043,-0.5402901
2002-05-17,0.9227947,1.9664358,0.66290283,-0.6941674,0.51385945,0.78516454
2002-05-18,0.88486856,1.6697478,-0.59713423,1.5843344,-0.017071977,-1.3647898
2002-05-19,-0.22872491,0.9927565,-0.9008325,0.77617383,-0.5980112,-2.1088386
2002-05-20,0.90312827,1.3889229,-0.57827693,0.36779848,-1.564579,-1.0701011
2002-05-21,1.6022725,0.45216262,-0.20508865,0.5354259,-2.1174808,-2.9314897
2002-05-22,2.628643,-1.1437418,-0.07354097,-0.44299057,-1.2225397,-2.6958601
2002-05-23,1.6289487,0.13370758,4.5803633,-0.82845753,-0.89896226,-1.8700873
2002-05-24,-0.24180703,1.2148635,1.5361576,-1.1843585,0.30660042,-2.327245
2002-05-25,0.120812565,1.1934955,-1.251995,-1.1299733,-1.6148849,-0.9646995
2002-05-26,0.5329658,0.8642401,0.5722331,0.38540792,-1.4159905,0.34603116
2002-05-27,0.24712254,-0.64385915,-1.2741355,-0.5365442,0.39091802,1.1087499
2002-05-28,-1.4095573,-0.8470504,-0.08992955,0.14833315,0.054256268,0.7773957
2002-05-29,-0.5782903,-1.3823192,0.5022188,-1.9034665,-0.80788565,-1.5607142
2002-05-30,1.4939988,-2.4065616,-0.64518416,-2.0667648,-1.8963913,-1.0370015
2002-05-31,1.0433478,-2.52878,1.6660388,-1.249259,-0.8325205,-1.1647643
2002-06-01,1.6400932,-0.26722777,2.6057124,0.15923522,1.0992734,-1.3272856
2002-06-02,-0.88073385,0.42229357,1.6459364,1.1588763,-0.087867334,-0.91141784
2002-06-03,-0.99952996,0.8020809,-1.4896587,0.7060485,0.48942578,-1.2261028
2002-06-04,-0.49930823,2.2328742,-2.0601997,1.2765044,-0.9189225,-1.4454978
2002-06-05,-1.2312384,0.79075223,-2.47341,1.1629739,-1.095095,-0.5133019
2002-06-06,-2.3091867,-1.1419954,-1.5927314,-0.6694386,-2.230841,-1.0211613
2002-06-07,0.8746796,-0.877084,-0.9454529,-0.05454602,-0.8513688,-0.75619334
2002-06-08,0.49435106,-1.7856073,1.0813562,0.4282876,0.9389613,-0.7732323
2002-06-09,0.30041614,-1.8976446,1.5982229,0.53483903,1.6002648,-1.3652587
2002-06-10,0.8517996,-0.7268208,0.09039624,-0.11657786,2.7223082,-0.38666004
2002-06-11,1.0341291,-0.10718978,2.3042445,-1.1338538,-0.7819534,-0.61687905
2002-06-12,0.64647627,-2.9103322,0.3627819,0.53046274,0.80678165,-0.665617
2002-06-13,0.3484731,-2.414439,2.6937628,-0.28952265,0.4597845,-1.1537182
2002-06-14,-0.17698939,-1.9568644,2.2153413,-0.20288032,1.507227,-0.9377924
2002-06-15,2.107496,-1.554648,1.6405271,0.6580351,1.236888,0.87312317
2002-06-16,-0.43129486,0.51565367,2.9905214,0.37213945,1.9152977,-0.9563088
2002-06-17,0.19295833,-0.1598387,-2.6078303,-0.32158902,1.2395186,-0.7204615
2002-06-18,-0.40394974,0.2614366,1.8225777,-0.48281777,-2.6050897,-0.86271805
2002-06-19,-2.514349,0.66349584,-1.0713633,-2.1186244,0.5907841,-1.7893606
2002-06-20,-3.3703833,0.24510628,-0.9898409,-1.4465219,-2.2104254,-1.0656174
2002-06-21,-2.440801,0.83803666,-1.759582,-2.5797195,-2.0483606,0.3689599
2002-06-22,-1.7054696,-1.9482939,-1.0616057,-2.404612,-1.6294146,0.90155137
2002-06-23,-1.033335,-0.8092901,-1.434964,-1.809844,-0.5973955,0.8932259
2002-06-24,-1.8788482,1.0417154,-0.5762856,-1.2495624,-1.2906389,-0.99495345
2002-06-25,-0.8546093,1.9676156,-1.3092356,-1.5274161,-1.6363677,0.18415557
2002-06-26,-0.6021881,2.0597703,-3.131339,0.2222983,-0.3775898,-1.5314022
2002-06-27,0.5070227,2.307887,-1.3415699,0.4783788,-0.72860634,-1.824853
2002-06-28,-0.45177585,0.94467705,-1.9058678,-0.12264187,-1.1375302,-3.6244705
2002-06-29,0.3839388,2.1397092,-1.7190466,-2.9140537,-2.8995528,-1.1175127
2002-06-30,0.1697505,1.9270699,-0.5833086,-1.9966402,-3.428213,-0.415886
2002-07-01,-1.1528274,1.8402133,0.23901321,-1.3180679,-3.8595672,-0.8159166
2002-07-02,-1.5875659,1.3521365,-2.405118,0.8592626,0.37490666,-0.5101551
2002-07-03,-0.43073583,-0.99676204,-1.5554551,-0.46908998,-1.3000686,-0.1000218
2002-07-04,-2.3340142,-0.7197195,-1.7770023,-0.67606056,-1.5605602,0.520098
2002-07-05,-2.461496,-1.6558493,-0.29911804,-1.2492908,-0.4011902,-0.82542866
2002-07-06,-1.4000769,-0.96371365,-1.693073,-1.2679393,0.41843104,-0.59057754
2002-07-07,-2.457218,-0.19188027,-0.95763737,-0.11076622,-0.7328151,-1.6760964
2002-07-08,-1.5062296,-0.9370275,-0.54133433,-0.48076934,0.11788289,0.059492566
2002-07-09,-0.8001908,-0.8626456,1.094626,-0.06844849,0.7644323,0.07315402
2002-07-10,-3.179995,-1.0375438,1.763209,0.47243,1.143439,1.3866167
2002-07-11,-1.4775777,1.2080891,-1.0565131,0.37205622,2.9110272,1.4287555
2002-07-12,-0.8721986,0.9168029,-2.3608449,-1.0383464,-0.8788101,0.6229224
2002-07-13,-0.15784217,3.0477333,-2.3010116,0.19038682,-3.133204,-0.32889956
2002-07-14,0.36545184,1.8660103,-2.7092774,-0.8081456,-3.1708412,0.7422289
2002-07-15,1.3992342,1.4725046,-0.5660913,-0.44027555,-0.5416681,1.1796091
2002-07-16,1.5959307,-1.149151,-2.3717618,-0.24050389,-1.4975336,0.01628096
2002-07-17,2.0198634,-0.3051469,3.0207877,-0.37632883,0.47113097,-0.8190317
2002-07-18,1.9171948,0.19212732,2.2387855,-1.4589567,0.47371513,-0.12881649
2002-07-19,3.070878,-1.231036,1.2335131,-0.9198683,1.4816375,1.2087182
2002-07-20,1.3201375,-0.95201427,3.833045,-0.7711037,-0.8802544,0.45977446
2002-07-21,0.19736394,0.2522519,0.29787722,0.27663055,0.8166201,1.3218586
2002-07-22,0.36425912,1.1939489,0.30296844,-1.0032885,1.0250099,2.2483895
2002-07-23,1.0884293,-0.056764945,-2.2043564,1.051726,-0.9694491,2.529046
2002-07-24,0.8193038,1.3343843,1.0459354,-1.1130962,0.82117444,1.3274539
2002-07-25,1.0269746,1.5749292,-0.3109341,-0.7090652,-0.19239593,1.2411375
2002-07-26,0.94245726,-0.9034868,0.20531458,-0.7814864,0.29527962,0.99672836
2002-07-27,0.9180433,-0.72829413,1.7529434,0.024751192,0.034523662,-0.26280594
2002-07-28,-0.063255206,-0.088132024,0.85422,-1.373232,2.398894,-0.8132126
2002-07-29,0.09168208,0.5802732,-0.39703667,-0.5100806,0.1456581,-0.5885697
2002-07-30,-2.5910568,0.2114868,-1.4484626,0.07705857,-1.2060661,-0.5744728
2002-07-31,-2.222543,0.515706,-1.8820335,-0.9345309,-0.6751968,-1.7045784
2002-08-01,-1.9183942,2.4271674,-1.5922035,-1.0063847,-2.9906237,0.28251898
2002-08-02,-2.1938381,3.5654395,-2.4463367,-0.13303941,-1.6854081,1.1725214
2002-08-03,-2.09017,2.7614725,-4.4548893,-0.5762624,-1.681123,4.1279306
2002-08-04,-0.63028646,3.8118804,-4.777205,-0.28528032,-1.1324054,2.7341588
2002-08-05,-2.9536607,2.8373342,-2.0892725,0.64020085,-1.353079,1.6933756
2002-08-06,-3.9430017,3.1656444,-2.9911103,0.65560955,0.9540285,0.76980054
2002-08-07,-3.6408513,2.640417,-5.2897067,-1.007968,-0.19831389,0.6394134
2002-08-08,-1.2462229,2.2472,-4.698341,-0.7827092,-3.1807463,1.1001014
2002-08-09,-0.53616166,1.6208624,-2.94419,-0.41611144,-3.0781727,1.0630454
2002-08-10,-0.7687942,-0.38923898,-1.5684371,-1.0297444,-0.7565836,1.0338974
2002-08-11,-2.9831815,1.1229476,-0.5391941,0.50626856,-1.3801216,0.5578466
2002-08-12,-2.3199658,2.3196166,-2.7025516,0.5366729,-0.121941805,-0.3210761
2002-08-13,-2.324909,0.97301626,-4.6241007,1.2595924,-0.65769446,0.25815582
2002-08-14,-2.5744915,1.5125351,-2.9134126,1.7905618,-2.1209724,2.235278
2002-08-15,-1.8504041,2.033926,-4.005636,-0.90857524,-0.53535324,2.8358624
2002-08-16,-2.580029,1.2330606,-2.2144587,0.26698524,-2.493667,0.47563142
2002-08-17,-4.030996,2.2853644,-2.1144748,-0.48684615,-1.4371445,1.7025379
2002-08-18,-3.0675359,0.9288103,-3.482995,0.39875662,-0.94578826,1.5549141
2002-08-19,-0.9219544,-0.1016808,-2.506875,0.26045522,0.57201564,1.5422376
2002-08-20,-2.1410239,0.5925139,1.3862793,0.8731192,-1.3185523,3.315673
2002-08-21,-1.4674624,1.2068728,-0.69711345,1.0463544,1.0801857,2.4639063
2002-08-22,-1.7135607,-0.015463065,-3.1740258,0.8553972,0.43881872,1.4728234
2002-08-23,-0.89309305,-0.887507,-1.5086654,1.3935834,-0.62697095,1.0080254
2002-08-24,-0.9408858,0.9775719,0.221211,-0.48995075,0.051470786,1.2977774
2002-08-25,-0.09814794,0.40696552,-0.6202289,1.0914485,0.5949911,0.084946774
2002-08-26,-1.0644611,0.60588574,-2.8812826,1.2652401,-0.632055,0.37499046
2002-08-27,-0.20611574,0.7190529,-1.6997852,0.24024624,-1.051241,0.45122236
2002-08-28,-0.90554345,-2.07498,0.50363505,1.4200948,-1.6958325,0.0391061
2002-08-29,-1.7152227,-2.3861983,0.9035758,0.61322474,3.6290448,-0.6798852
2002-08-30,-1.5807083,-2.1817179,1.273955,1.1231731,0.376451,-0.033080738
2002-08-31,-2.03674,-0.8720676,0.19296193,-0.40168998,1.8041486,0.74044335
2002-09-01,-2.297747,-0.4819914,-2.1229022,-0.12631813,-0.26837227,-0.010728622
2002-09-02,-3.0223453,1.5391564,-0.14561698,-0.86109173,-0.32855076,-1.178805
2002-09-03,-1.2156504,2.243769,-3.625948,-1.6698005,0.50758564,-0.13301785
2002-09-04,-1.3616337,2.5629983,-3.7583141,-1.2165571,-2.7512915,0.07412228
2002-09-05,-1.5770757,1.9992901,-2.9839945,-1.8926094,-2.2458372,-0.8107854
2002-09-06,-1.2833924,0.6930437,-3.156737,-0.6850929,-2.8558052,-1.4367493
2002-09-07,0.0036121844,1.069909,-1.3412869,-0.39697662,-2.851062,-0.5666929
2002-09-08,-0.067172684,1.5287173,-1.4423307,-0.38555178,-0.93711036,0.5041141
2002-09-09,-0.20587382,1.639184,-2.636124,-1.236996,-1.4869962,1.6873329
2002-09-10,0.722684,1.8300729,-0.4946763,0.50667405,-2.7478998,2.0201204
2002-09-11,0.25089306,1.5663149,-0.7838463,0.7955724,0.8185105,0.95283425
2002-09-12,2.8018913,2.5714762,-0.92560816,-0.1364198,-0.8570853,2.4182239
2002-09-13,3.0419629,-0.61268693,-2.0310566,-1.86623,0.5068568,0.4016847
2002-09-14,3.8939424,0.7236348,2.206925,-0.22449026,-1.5669738,-1.4278345
2002-09-15,2.5214336,0.29664263,1.9512992,-0.60479635,0.40295982,-2.6381388
2002-09-16,1.0552288,-1.1058489,0.62800026,-0.22263879,1.0128919,-2.5995376
2002-09-17,1.6571141,0.6642756,1.3686752,-0.26244107,-0.7781152,-1.5551397
2002-09-18,0.3413233,-0.6420954,0.41813177,-0.8291888,0.39385623,-2.7834005
2002-09-19,1.707815,0.8353748,1.1172113,-1.4980097,-1.804671,-0.9763114
2002-09-20,0.7096385,1.0620861,-0.43726042,-1.6162167,-2.8435357,-2.7536952
2002-09-21,0.52988446,-0.09346914,-2.247469,-0.17992964,-0.40130794,-2.8821633
2002-09-22,0.064138666,2.33416,1.4347618,-0.4431339,-1.5606906,-1.4157778
2002-09-23,0.012631865,0.5617824,-1.3326843,0.18419945,0.57727396,-1.4336679
2002-09-24,-1.7499461,-0.18054272,-0.30461043,-0.20628762,-0.5284414,-0.627077
2002-09-25,-1.7314122,-3.4397945,-1.3590059,0.34778994,1.1074299,-0.84086823
2002-09-26,-1.8311173,-2.4944916,1.236642,-0.7292073,1.0425502,-0.4437672
